GEO_DISTRICT,GEO_REGION,MMDA,Region,Latitude,Longitude,Employed_Pop,Unemployed_Pop,Poverty_Incidence_pct,Poverty_Intensity_pct,Illiterate_Pop,Uninsured_Pop,Male_0_14,Female_0_14,Male_15_64,Female_15_64,Male_65plus,Female_65plus,Total_Pop,Uninsurance_Rate_pct,Illiteracy_Rate_pct,Youth_Dep_Ratio,Employment_Rate_pct,Has_Geometry,NHIS_Coverage_Women_2019_pct,No_Insurance_Women_2022_pct,ANC_Skilled_pct,Home_Delivery_pct,Facility_Delivery_pct,Female_Literate_pct,Female_No_Edu_pct,Female_SecPlus_pct,High_Uninsurance,Catastrophic_Proxy,Ecological_Zone,Uninsurance_Quartile
ADENTA MUNICIPAL,GREATER ACCRA,Adentan Municipal,Greater Accra,5.7042433,-0.1690967,108423,82032,8.3,41.8,18956,99635,37515,38001,90372,91225,4078,4780,265971,37.4608509950333,7.127092803350742,41.58438740728096,40.76497061709736,True,38.9,13.4,95.8,8.7,91.3,79.2,4.4,84.6,1,0,Southern Belt,Q3
LEDZOKUKU MUNICIPAL,GREATER ACCRA,Ledzokuku Municipal,Greater Accra,5.6050983,-0.114493361214251,84358,72808,11.3,43.3,18575,82055,29909,30229,72722,76060,3468,4916,217304,37.7604646025844,8.547932849832494,40.420212122434165,38.82027022052056,True,38.9,13.4,95.8,8.7,91.3,79.2,4.4,84.6,1,0,Southern Belt,Q3
CHEREPONI,NORTHERN EAST,Chereponi,North East,10.1792653999999,0.207987165887793,18122,27082,53.8,44.2,49085,32497,21399,20573,20495,22457,940,1312,87176,37.277461686702765,56.3056345783243,97.71838331160365,20.787831513260528,True,57.4,12.1,95.6,27.0,71.9,32.4,52.5,35.9,1,0,Northern Belt,Q3
WA EAST,UPPER WEST,Wa East,Upper West,10.06069,-2.50192,24065,29821,48.7,45.3,53226,28685,19492,18079,25357,24624,1772,2133,91457,31.3644663612408,58.19784160862482,75.17056481462956,26.312912078900467,True,49.6,6.7,98.4,6.9,92.8,51.0,34.6,47.2,1,0,Northern Belt,Q3
WA MUNICIPAL,UPPER WEST,Wa Municipal,Upper West,10.0623261,-2.5054273,55802,74417,16.5,43.4,54484,21847,35425,35028,60148,62830,2920,4321,200672,10.886919948971457,27.150773401371392,57.289108621054176,27.80756657630362,True,49.6,6.7,98.4,6.9,92.8,51.0,34.6,47.2,0,0,Northern Belt,Q1 (lowest)
SABOBA,NORTHERN,Saboba,Northern,9.70870525,0.196098328672698,23478,30002,46.0,45.3,43917,20603,21316,20887,24741,26074,1115,1550,95683,21.53256064295643,45.89843545875443,83.0522483518646,24.53727412393006,True,57.4,12.1,95.6,27.0,71.9,32.4,52.5,35.9,0,0,Northern Belt,Q2
JIRAPA,UPPER WEST,Jirapa Municipal,Upper West,10.5366328,-2.7008646,15207,42406,50.1,47.4,44829,11356,17123,16543,23894,27936,2004,3779,91279,12.440977661893754,49.11206301558957,64.9546594636311,16.659910822861775,True,49.6,6.7,98.4,6.9,92.8,51.0,34.6,47.2,0,0,Northern Belt,Q1 (lowest)
GUSHEGU,NORTHERN,Gushegu Municipal,Northern,9.9185016,-0.2164706,36081,41484,51.5,44.3,92056,74095,39252,37148,34170,39410,1939,2046,153965,48.12457376676517,59.790212061182736,103.8325631965208,23.434546812587275,True,57.4,12.1,95.6,27.0,71.9,32.4,52.5,35.9,1,0,Northern Belt,Q4 (highest)
SISSALA WEST,UPPER WEST,Sissala West,Upper West,10.7467085,-2.29346951572635,15085,22345,32.3,46.1,31815,7964,13593,12805,16844,17554,1119,1913,63828,12.477282697248857,49.8448956570784,76.74283388569103,23.63382841386225,True,49.6,6.7,98.4,6.9,92.8,51.0,34.6,47.2,0,0,Northern Belt,Q1 (lowest)
NANUMBA NORTH,NORTHERN,Nanumba North Municipal,Northern,8.92200959999999,-0.138644700894755,54525,46544,41.5,41.4,100046,82760,44193,43418,45870,49965,2216,3018,188680,43.8626245495018,53.02416790332839,91.41858402462566,28.89813440746237,True,57.4,12.1,95.6,27.0,71.9,32.4,52.5,35.9,1,0,Northern Belt,Q4 (highest)
LAMBUSSIE-KARNI,UPPER WEST,Lambussie Karni,Upper West,10.846747,-2.708741,10758,19875,44.2,46.0,25646,5836,10644,9841,13368,14326,1048,1891,51118,11.416722093978638,50.17019445205212,73.96909077778581,21.04542431237529,True,49.6,6.7,98.4,6.9,92.8,51.0,34.6,47.2,0,0,Northern Belt,Q1 (lowest)
BOLGATANGA MUNICIPAL,UPPER EAST,Bolgatanga Municipal,Upper East,10.7853963,-0.8487322,41187,52286,20.2,44.8,40341,12511,24732,24304,40979,46310,2139,4045,142509,8.779094653670997,28.307685830368605,56.176608736496,28.901332547418058,True,62.3,3.2,99.2,2.0,97.7,55.2,25.9,56.8,0,0,Northern Belt,Q1 (lowest)
NANUMBA SOUTH,NORTHERN,Nanumba South,Northern,8.76637935,0.0549741822848612,30173,24524,46.3,42.3,58488,46239,26547,25130,24635,26996,1329,1737,106374,43.46832872694456,54.98336059563427,100.08909376149988,28.365014007182204,True,57.4,12.1,95.6,27.0,71.9,32.4,52.5,35.9,1,0,Northern Belt,Q4 (highest)
WENCHI MUNICIPAL,BONO,Wenchi Municipal,Bono,7.80281055,-2.08141333112632,38543,39547,23.6,42.2,42124,25271,23537,23131,35042,37424,2381,3243,124758,20.25601564629122,33.76456820404303,64.39985648442028,30.8942111928694,True,49.66898148148148,9.783796296296297,98.6,9.3,89.7,61.5,11.8,77.4,0,0,Middle Belt,Q1 (lowest)
BONGO,UPPER EAST,Bongo,Upper East,10.9166838999999,-0.805767855895511,16592,56294,54.0,48.5,51970,19822,22357,21188,30052,35165,2685,4984,116431,17.024675558914723,44.63587876081112,66.7694006164037,14.250500296312838,True,62.3,3.2,99.2,2.0,97.7,55.2,25.9,56.8,0,0,Northern Belt,Q1 (lowest)
TANO SOUTH MUNICIPAL,AHAFO,Tano South Municipal,Ahafo,7.16093674999999,-1.99681708617696,28999,26149,23.7,42.6,24275,17791,16367,15474,24906,26294,1636,2312,86989,20.452011173826577,27.90582717355068,62.18945312500001,33.336398855027646,True,49.66898148148148,9.783796296296297,98.0,5.4,93.1,48.3,17.5,70.7,0,0,Middle Belt,Q2
KASENA NANKANA WEST,UPPER EAST,Kasena Nankana West,Upper East,10.895598,-1.30768,15015,42880,53.6,47.4,37336,12340,16879,15961,24454,26493,2576,4372,90735,13.600044084421668,41.1483991844382,64.45914381612263,16.54818978343528,True,62.3,3.2,99.2,2.0,97.7,55.2,25.9,56.8,0,0,Northern Belt,Q1 (lowest)
WA WEST,UPPER WEST,Wa West,Upper West,9.8985772,-2.6832633,18605,38398,61.9,48.7,54974,29934,20291,19663,23133,27784,2456,3630,96957,30.873479996287013,56.69936157265592,78.46888072745841,19.18891879905525,True,49.6,6.7,98.4,6.9,92.8,51.0,34.6,47.2,1,0,Northern Belt,Q3
SUNYANI MUNICIPAL,BONO,Sunyani Municipal,Bono,7.3384389,-2.3309226,64799,68142,10.9,41.5,28006,21645,30599,30055,62754,63470,3005,3712,193595,11.18055734910509,14.46628270358222,48.052668272277856,33.47142229912963,True,49.66898148148148,9.783796296296297,98.6,9.3,89.7,61.5,11.8,77.4,0,0,Middle Belt,Q1 (lowest)
SAWLA-TUNA-KALBA,SAVANNAH,Sawla Tuna Kalba,Savannah,9.4809443,-2.41330933679435,22712,43064,54.2,46.9,66172,48272,23714,23174,26941,33062,2349,3424,112664,42.84598452034368,58.733934530994816,78.14275952869023,20.15905701910104,True,49.66898148148148,9.783796296296297,98.12086614173228,12.606692913385826,86.50314960629919,60.54606299212598,15.77047244094488,69.8547244094488,1,0,Northern Belt,Q4 (highest)
ASANTE AKIM SOUTH,ASHANTI,Asante Akim South Municipal,Ashanti,6.46141735,-1.11533920112058,43495,33950,24.6,42.2,31673,40319,23973,22215,34657,35653,3085,4050,123633,32.611843116320074,25.618564622714,65.6919357132698,35.180736534743964,True,52.9,7.5,100.0,7.1,91.3,61.5,9.0,79.8,1,0,Middle Belt,Q3
SISSALA EAST,UPPER WEST,Sissala East Municipal,Upper West,10.59705475,-1.85050542952138,23696,25675,28.8,44.3,36973,13326,15883,15365,22675,23421,1310,1965,80619,16.52960220295464,45.86139743732867,67.78896216591461,29.39257495131421,True,49.6,6.7,98.4,6.9,92.8,51.0,34.6,47.2,0,0,Northern Belt,Q1 (lowest)
ADA EAST,GREATER ACCRA,Ada East,Greater Accra,5.8761016,0.549568161630084,23660,24880,28.2,44.2,22384,32786,14190,13681,21337,23053,1507,2643,76411,42.9074347934198,29.29421156639751,62.786663662987166,30.964128201436964,True,38.9,13.4,95.8,8.7,91.3,79.2,4.4,84.6,1,0,Southern Belt,Q4 (highest)
SHAI OSUDOKU,GREATER ACCRA,Shai-Osudoku,Greater Accra,5.95875335,0.161872328401567,33556,35351,23.5,44.2,22754,30351,18546,18157,32871,31732,1719,2585,105610,28.738755799640188,21.54530820944986,56.81315109205455,31.773506296752203,True,38.9,13.4,95.8,8.7,91.3,79.2,4.4,84.6,0,0,Southern Belt,Q2
KASENA NANKANA EAST,UPPER EAST,Kasena Nankana Municipal,Upper East,10.895598,-1.30768,23082,44019,33.8,47.1,32647,12449,16622,16172,29966,31126,2070,3939,99895,12.46208518944892,32.681315381150206,53.67969619590126,23.106261574653388,True,62.3,3.2,99.2,2.0,97.7,55.2,25.9,56.8,0,0,Northern Belt,Q1 (lowest)
ADA WEST,GREATER ACCRA,Ada West,Greater Accra,5.9040093,0.420370257026968,22587,22495,40.1,44.7,25206,45090,15739,15266,20114,21662,1279,2027,76087,59.261108993652,33.12786678407612,74.21725392569897,29.685754465283164,True,38.9,13.4,95.8,8.7,91.3,79.2,4.4,84.6,1,1,Southern Belt,Q4 (highest)
BUNKPURUGU NAKPANDURI,NORTHERN EAST,Bunkpurugu Nakpanduri,North East,10.632198,-0.180118,16889,34450,38.3,45.5,31770,8825,15560,15485,23265,23614,1579,2881,82384,10.712031462419889,38.5633132647116,66.22368224578169,20.50033987181977,True,57.4,12.1,95.6,27.0,71.9,32.4,52.5,35.9,0,0,Northern Belt,Q1 (lowest)
GARU,UPPER EAST,Garu,Upper East,10.76975475,-0.21182067584702,15489,27113,44.7,47.7,36894,14309,14969,14203,17246,19558,2219,3579,71774,19.93618859196924,51.40301501936635,79.26312357352462,21.58023796918104,True,62.3,3.2,99.2,2.0,97.7,55.2,25.9,56.8,0,0,Northern Belt,Q1 (lowest)
NINGO/PRAMPRAM,GREATER ACCRA,Ningo-Prampram,Greater Accra,5.81176965,0.146110955005239,71636,62214,19.4,44.0,35619,92454,35324,35499,64008,63476,2539,3827,204673,45.17156635218129,17.402881669785465,55.55442251576669,35.000219862903265,True,38.9,13.4,95.8,8.7,91.3,79.2,4.4,84.6,1,0,Southern Belt,Q4 (highest)
EAST MAMPRUSI,NORTHERN EAST,East Mamprusi Municipal,North East,10.45279035,-0.416678651029704,27208,74804,54.7,47.4,98293,31628,44042,41952,44297,50910,2780,4025,188006,16.822867355297173,52.28184206887014,90.32319052170531,14.471878557067328,True,57.4,12.1,95.6,27.0,71.9,32.4,52.5,35.9,0,0,Northern Belt,Q1 (lowest)
LA DADE-KOTOPON,GREATER ACCRA,La Dade-Kotopon Municipal,Greater Accra,5.58947605,-0.156988356399583,59055,43079,8.9,43.1,7669,51992,19006,19124,46798,49510,2295,3531,140264,37.06724462442252,5.467546911538243,39.59172654400465,42.102749101693945,True,38.9,13.4,95.8,8.7,91.3,79.2,4.4,84.6,1,0,Southern Belt,Q3
BAWKU WEST,UPPER EAST,Bawku West,Upper East,10.84277,-0.492947618512454,30266,55329,47.6,47.2,74798,18214,30246,28348,37320,39958,3215,5102,144189,12.632031569675911,51.87496965787959,75.82235565102616,20.99050551706441,True,62.3,3.2,99.2,2.0,97.7,55.2,25.9,56.8,0,0,Northern Belt,Q1 (lowest)
AOWIN,WESTERN NORTH,Aowin Municipal,Western North,5.69311555,-2.7557437678514,48339,36622,37.1,41.9,51625,44974,24663,23633,43488,37969,1980,1524,133257,33.74982177296502,38.740929181956666,59.29017763973631,36.275017447488686,True,48.8,10.8,98.6,11.1,87.9,47.8,14.0,71.1,1,0,Southern Belt,Q3
DORMAA EAST,BONO,Dormaa East,Bono,7.26432845,-2.64146295349265,22570,22261,19.5,41.7,16759,9261,11782,11286,19943,21068,1611,2209,67899,13.639376132196352,24.6822486340005,56.24832362049206,33.240548461685734,True,49.66898148148148,9.783796296296297,98.6,9.3,89.7,61.5,11.8,77.4,0,0,Middle Belt,Q1 (lowest)
SUAMAN,WESTERN NORTH,Suaman,Western North,6.10824159999999,-3.00869712063798,12182,13089,37.5,41.3,19265,22574,6746,6251,13440,11022,421,388,38268,58.98923382460541,50.342322567157936,53.13138745809828,31.833385596320685,True,48.8,10.8,98.6,11.1,87.9,47.8,14.0,71.1,1,0,Southern Belt,Q4 (highest)
BEREKUM EAST MUNICIPAL,BONO,Berekum East Municipal,Bono,7.4848835,-2.56459096524003,35109,37059,12.6,41.7,15663,12247,17184,16900,31142,36153,1837,3036,106252,11.52637126830554,14.741369574219778,50.64863660004458,33.04314271731356,True,49.66898148148148,9.783796296296297,98.6,9.3,89.7,61.5,11.8,77.4,0,0,Middle Belt,Q1 (lowest)
BIA EAST,WESTERN NORTH,Bia East,Western North,6.817878,-3.00681786775424,20133,12438,32.9,41.5,22623,23293,10619,9883,16617,14414,918,622,53073,43.88860625930322,42.62619410999943,66.06941445651124,37.93454298795998,True,48.8,10.8,98.6,11.1,87.9,47.8,14.0,71.1,1,0,Southern Belt,Q4 (highest)
JAMAN SOUTH MUNICIPAL,BONO,Jaman South,Bono,7.62036559999999,-2.7963718064665,35814,35016,15.6,42.1,28919,9686,19952,18986,31156,34312,2169,3193,109768,8.824065301362873,26.3455651920414,59.47638540966579,32.62699511697399,True,49.66898148148148,9.783796296296297,98.6,9.3,89.7,61.5,11.8,77.4,0,0,Middle Belt,Q1 (lowest)
BIA WEST,WESTERN NORTH,Bia West,Western North,6.56894165,-3.06628883975843,38243,33676,24.5,41.3,11991,8269,22464,21498,35895,33204,1596,1224,115881,7.135768590191661,10.34768426230357,63.62176008335866,33.001958906119214,True,48.8,10.8,98.6,11.1,87.9,47.8,14.0,71.1,0,0,Southern Belt,Q1 (lowest)
SUNYANI WEST,BONO,Sunyani West Municipal,Bono,7.35779433737633,-2.34687996021684,40876,51557,17.6,43.1,28330,21227,22089,21500,42769,43997,2393,3274,136022,15.605563805854937,20.8275131963947,50.2374201876311,30.051021158342035,True,49.66898148148148,9.783796296296297,98.6,9.3,89.7,61.5,11.8,77.4,0,0,Middle Belt,Q1 (lowest)
ASUNAFO NORTH MUNICIPAL,AHAFO,Asunafo North Municipal,Ahafo,6.81509969999999,-2.67736640122449,51611,45446,26.1,42.0,39814,21534,27637,26564,46535,44897,2715,2910,151258,14.236602361527986,26.32191355167991,59.28012074547204,34.12117045048857,True,49.66898148148148,9.783796296296297,98.0,5.4,93.1,48.3,17.5,70.7,0,0,Middle Belt,Q1 (lowest)
BODI,WESTERN NORTH,Bodi,Western North,6.24012575,-2.87347603617418,23327,18638,18.6,41.7,38497,24824,12137,11646,20465,19320,1051,1129,65748,37.75628155989536,58.55235140232402,59.77881110971472,35.479406217679625,True,48.8,10.8,98.6,11.1,87.9,47.8,14.0,71.1,1,0,Southern Belt,Q3
JUABOSO,WESTERN NORTH,Juaboso,Western North,6.3415722,-2.8235416,29440,27877,18.9,42.3,39907,30473,16061,15436,28339,26307,1322,1349,88814,34.311032044497495,44.93323124732587,57.638253486074,33.14792712860585,True,48.8,10.8,98.6,11.1,87.9,47.8,14.0,71.1,1,0,Southern Belt,Q3
NKORANZA NORTH,BONO EAST,Nkoranza North,Bono East,7.7184776,-1.64389618122841,18832,16615,25.8,41.4,19620,10022,10941,10080,16455,15957,1348,1687,56468,17.748105121484734,34.745342494864346,64.85560903369122,33.34986186866898,True,49.66898148148148,9.783796296296297,99.4,15.6,84.2,44.9,24.0,57.8,0,0,Middle Belt,Q1 (lowest)
KINTAMPO SOUTH,BONO EAST,Kintampo South,Bono East,7.94321545,-1.73400515142892,28927,25110,26.0,42.3,35811,16394,17639,16708,25454,24559,1961,2063,88384,18.54860608254888,40.51751448225923,68.67614420250734,32.72877443881245,True,49.66898148148148,9.783796296296297,99.4,15.6,84.2,44.9,24.0,57.8,0,0,Middle Belt,Q1 (lowest)
SHAMA,WESTERN,Shama,Western,5.0606463,-1.64288365568687,38185,36098,22.0,44.4,24535,35638,21733,21208,33497,35874,1980,2932,117224,30.40162424076981,20.930014331536203,61.90050597511929,32.5743874974408,True,48.8,10.8,95.2,13.7,85.3,65.4,9.7,76.9,1,0,Southern Belt,Q3
TANO NORTH MUNICIPAL,AHAFO,Tano North Municipal,Ahafo,7.19329065,-2.2080833699397,31439,29602,21.6,42.3,22005,13235,16935,15862,27631,28903,1968,2539,93838,14.104094290159637,23.449988277670027,58.01287720663672,33.503484729001045,True,49.66898148148148,9.783796296296297,98.0,5.4,93.1,48.3,17.5,70.7,0,0,Middle Belt,Q1 (lowest)
WASSA EAST,WESTERN,Wassa East,Western,5.3622378,-1.62070954561049,37479,24536,38.0,42.0,31560,53204,19411,18215,29878,28067,1911,2159,99641,53.395690528999104,31.67370861392399,64.93398912762102,37.61403438343654,True,48.8,10.8,95.2,13.7,85.3,65.4,9.7,76.9,1,0,Southern Belt,Q4 (highest)
KETU NORTH,VOLTA,Ketu North Municipal,Volta,6.192057,0.981151401381816,38123,37133,27.2,44.3,36305,43719,20368,19369,30658,35821,2972,5805,114993,38.01883592914351,31.571486960075827,59.773763143248246,33.15245275799397,True,52.3,10.1,98.3,19.0,79.1,72.0,6.7,76.4,1,0,Middle Belt,Q3
MPOHOR,WESTERN,Mpohor,Western,4.9705877,-1.8927971,17795,16391,31.4,44.3,13671,25220,8995,8847,16862,15461,890,973,52028,48.47389866994696,26.276235872991467,55.19908424341799,34.202736987775815,True,48.8,10.8,95.2,13.7,85.3,65.4,9.7,76.9,1,0,Southern Belt,Q4 (highest)
WASSA AMENFI WEST,WESTERN,Wassa Amenfi West Municipal,Western,5.7735167,-2.5321498,48494,36169,24.9,42.0,39203,36463,23579,22758,43434,37508,1924,1797,131000,27.83435114503817,29.92595419847328,57.24716463640631,37.01832061068702,True,48.8,10.8,95.2,13.7,85.3,65.4,9.7,76.9,0,0,Southern Belt,Q2
KETU SOUTH,VOLTA,Ketu South Municipal,Volta,6.07748514999999,1.0706219725046,74834,84471,25.6,45.4,76082,121139,47547,46270,68949,77440,4781,8135,253122,47.85794992138178,30.057442656110496,64.08746558826141,29.56439977560228,True,52.3,10.1,98.3,19.0,79.1,72.0,6.7,76.4,1,0,Middle Belt,Q4 (highest)
WASSA AMENFI CENTRAL,WESTERN,Wassa Amenfi Central,Western,5.7890318,-2.0839856,39525,34394,37.6,43.0,40255,55487,22543,21537,38197,32215,1827,1680,117999,47.02327985830389,34.11469588725328,62.60296540362438,33.496046576665904,True,48.8,10.8,95.2,13.7,85.3,65.4,9.7,76.9,1,0,Southern Belt,Q4 (highest)
KETA MUNICIPAL,VOLTA,Keta Municipal,Volta,5.9215688,0.9910728,23209,31662,25.2,45.0,19817,21523,12367,11624,22241,25780,2378,4472,78862,27.29197839263524,25.12870584058228,49.95939276566502,29.42989018792321,True,52.3,10.1,98.3,19.0,79.1,72.0,6.7,76.4,0,0,Middle Belt,Q2
KADJEBI,OTI,Kadjebi,Oti,7.7210325,0.534053201682814,27062,19482,27.2,41.5,21183,21373,14138,13277,21950,20709,1814,2071,73959,28.898443732338187,28.641544639597612,64.26545394875642,36.59054340918617,True,49.66898148148148,9.783796296296297,97.1,30.9,66.8,40.8,28.2,48.9,0,0,Northern Belt,Q2
MFANTSEMAN MUNICIPAL,CENTRAL,Mfantsiman Municipal,Central,5.27644145,-1.03472089878279,53153,55811,24.0,44.8,39497,67043,30395,29546,44225,55585,3413,5741,168905,39.69272668067848,23.384150854030374,60.05510469892796,31.469169059530504,True,39.5,16.5,98.6,16.4,82.5,72.9,7.4,76.6,1,0,Southern Belt,Q3
SOUTH TONGU,VOLTA,South Tongu,Volta,5.96577275,0.641061228110148,33924,38903,32.4,45.2,32459,38843,20408,19879,29659,35644,2421,5103,113114,34.3396926994006,28.695828986686,61.69241841875564,29.99098254857931,True,52.3,10.1,98.3,19.0,79.1,72.0,6.7,76.4,1,0,Middle Belt,Q3
EKUMFI,CENTRAL,Ekumfi,Central,5.28914455,-0.908864632637807,17067,18338,31.5,45.6,18491,33670,10736,10600,14073,16944,1575,2813,56741,59.33980719409245,32.58842812075924,68.78808395396074,30.07877901341181,True,39.5,16.5,98.6,16.4,82.5,72.9,7.4,76.6,1,0,Southern Belt,Q4 (highest)
TWIFO HEMANG LOWER DENKYIRA,CENTRAL,Twifo Heman Lower Denkyira,Central,5.49471475,-1.53636464977824,22649,19075,32.1,42.4,17101,36601,12495,11856,19039,19664,1349,1672,66075,55.3931138857359,25.881195611048053,62.91760328656694,34.27771471812334,True,39.5,16.5,98.6,16.4,82.5,72.9,7.4,76.6,1,0,Southern Belt,Q4 (highest)
JASIKAN,OTI,Jasikan Municipal,Oti,7.40707195,0.466071316332564,22068,17426,30.2,42.2,14510,21967,10365,9836,18458,17401,1618,2017,59695,36.79872686154619,24.306893374654493,56.33453247441368,36.967920261328416,True,49.66898148148148,9.783796296296297,97.1,30.9,66.8,40.8,28.2,48.9,1,0,Northern Belt,Q3
TWIFO ATTI-MORKWA,CENTRAL,Twifo Ati Morkwa,Central,5.61529845,-1.57822136908747,31704,30813,34.1,42.7,27448,44389,19741,18593,28331,30151,1926,2109,100851,44.01443713993912,27.21638853357924,65.54837385862317,31.43647559270607,True,39.5,16.5,98.6,16.4,82.5,72.9,7.4,76.6,1,0,Southern Belt,Q4 (highest)
KRACHI EAST MUNICIPAL,OTI,Krachi East Municipal,Oti,7.69817,0.22447,38222,26542,41.2,41.6,48059,50657,23489,22182,30990,30218,1707,1849,110435,45.87042151491828,43.51790646081405,74.61606325970462,34.610404310227736,True,49.66898148148148,9.783796296296297,97.1,30.9,66.8,40.8,28.2,48.9,1,0,Northern Belt,Q4 (highest)
AWUTU SENYA,CENTRAL,Awutu Senya West,Central,5.61965885,-0.520145612112832,54977,45374,22.5,44.5,40850,92561,30859,30250,45045,49125,2315,3866,161460,57.32751145794624,25.300383996036167,64.89221620473612,34.049919484702095,True,39.5,16.5,98.6,16.4,82.5,72.9,7.4,76.6,1,0,Southern Belt,Q4 (highest)
NKWANTA SOUTH MUNICIPAL,OTI,Nkwanta South Municipal,Oti,8.25811615,0.509975335946734,47109,32265,42.8,41.8,60865,71074,29048,27514,36847,37565,2248,2714,135936,52.28489877589454,44.774746939736346,76.01193355910337,34.65527895480226,True,49.66898148148148,9.783796296296297,97.1,30.9,66.8,40.8,28.2,48.9,1,1,Northern Belt,Q4 (highest)
AWUTU SENYA EAST,CENTRAL,Awutu Senya East Municipal,Central,5.40379055,-0.518157686947431,84690,72118,10.6,42.9,24484,99262,39763,39956,72810,77543,2957,3498,236527,41.96645626080743,10.35146093257852,53.02122338762778,35.80563741137375,True,39.5,16.5,98.6,16.4,82.5,72.9,7.4,76.6,1,0,Southern Belt,Q4 (highest)
AFIGYA KWABRE SOUTH,ASHANTI,Afigya Kwabre South,Ashanti,6.83998064999999,-1.60957900170106,75019,72938,13.0,43.3,31504,58599,43742,42968,68528,72634,2797,3998,234667,24.97112930237315,13.424980930424816,61.42587948598065,31.968278454149925,True,52.9,7.5,100.0,7.1,91.3,61.5,9.0,79.8,0,0,Middle Belt,Q2
LA-NKWANTANANG-MADINA,GREATER ACCRA,La Nkwantanang Madina Municipal,Greater Accra,5.74468145,-0.172508699400876,83831,74454,11.3,42.7,17028,77868,31134,31338,74729,76189,3177,4190,220757,35.27317367059708,7.713458689871669,41.39466465232776,37.97433376971059,True,38.9,13.4,95.8,8.7,91.3,79.2,4.4,84.6,1,0,Southern Belt,Q3
ATWIMA KWANWOMA,ASHANTI,Atwima Kwanwoma,Ashanti,6.65,-1.73333,74959,74937,13.8,43.3,31864,61419,42664,42286,68316,73750,3143,4687,234846,26.15288316598963,13.568040332813844,59.79615108470711,31.918363523330186,True,52.9,7.5,100.0,7.1,91.3,61.5,9.0,79.8,0,0,Middle Belt,Q2
SEKYERE SOUTH,ASHANTI,Sekyere South,Ashanti,6.99532965,-1.50292100938884,36646,41020,22.6,42.8,21298,32338,21744,20666,33678,37497,2643,3848,120076,26.93127685798994,17.737099836770046,59.58552862662452,30.519004630400747,True,52.9,7.5,100.0,7.1,91.3,61.5,9.0,79.8,0,0,Middle Belt,Q2
GA EAST,GREATER ACCRA,Ga East Municipal,Greater Accra,5.669162,-0.333376,110684,92554,10.1,41.8,18905,105771,39761,40380,96002,97660,4252,5324,283379,37.32492527674951,6.671277688184375,41.38189216263387,39.05864584178785,True,38.9,13.4,95.8,8.7,91.3,79.2,4.4,84.6,1,0,Southern Belt,Q3
AYAWASO WEST,GREATER ACCRA,Ayawaso West Municipal,Greater Accra,5.62669775,-0.179111178909241,27690,33319,9.3,41.6,4076,26430,7177,7117,30110,27974,1327,1598,75303,35.09820325883431,5.412798958872821,24.60918669513119,36.77144336879009,True,38.9,13.4,95.8,8.7,91.3,79.2,4.4,84.6,1,0,Southern Belt,Q3
SEKYERE EAST,ASHANTI,Sekyere East,Ashanti,6.77947295,-1.29935419961981,23709,24423,17.3,42.5,12874,17639,13736,12921,20506,23780,1489,2357,74789,23.58501918731364,17.21376138202142,60.19283746556474,31.70118600328925,True,52.9,7.5,100.0,7.1,91.3,61.5,9.0,79.8,0,0,Middle Belt,Q2
GA SOUTH MUNICIPAL,GREATER ACCRA,Ga South Municipal,Greater Accra,5.669162,-0.333376,125103,103262,15.8,44.1,49991,179053,61267,60489,107044,111736,4181,5404,350121,51.14032006077899,14.278206677120195,55.65225340524728,35.73136144361521,True,38.9,13.4,95.8,8.7,91.3,79.2,4.4,84.6,1,0,Southern Belt,Q4 (highest)
GA WEST MUNICIPAL,GREATER ACCRA,Ga West Municipal,Greater Accra,5.669162,-0.333376,110786,92906,10.5,43.3,35609,123514,55150,55457,97011,99245,3382,4054,314299,39.29824784679557,11.329657428117812,56.358531713680094,35.248600854600234,True,38.9,13.4,95.8,8.7,91.3,79.2,4.4,84.6,1,0,Southern Belt,Q3
SEKYERE CENTRAL,ASHANTI,Sekyere Central,Ashanti,7.21625465,-1.09955606489201,23803,21724,39.8,42.4,24179,38329,14277,13424,20482,20859,1731,2455,73228,52.34200032774349,33.0187906265363,67.00611983261169,32.505325831649095,True,52.9,7.5,100.0,7.1,91.3,61.5,9.0,79.8,1,0,Middle Belt,Q4 (highest)
GA CENTRAL MUNICIPAL,GREATER ACCRA,Ga Central Municipal,Greater Accra,5.3203951,-2.0334832,135748,95640,8.3,42.6,23248,145106,50214,50630,106324,113999,5054,6011,332232,43.67610585374076,6.997519805437165,45.7709816950568,40.85939945580197,True,38.9,13.4,95.8,8.7,91.3,79.2,4.4,84.6,1,0,Southern Belt,Q4 (highest)
OFFINSO NORTH,ASHANTI,Offinso North,Ashanti,7.27974815,-1.79832745610104,28302,22051,34.3,41.5,31198,27930,16942,16145,22483,24424,1532,1914,83440,33.47315436241611,37.38974113135187,70.53744643656597,33.918983700862896,True,52.9,7.5,100.0,7.1,91.3,61.5,9.0,79.8,1,0,Middle Belt,Q3
KRACHI WEST,OTI,Krachi West Municipal,Oti,7.8,-0.01667,20533,17593,37.4,41.7,25155,15465,11860,11142,18268,17444,1081,1333,61128,25.29937180997252,41.15135453474676,64.40972222222221,33.590171443528334,True,49.66898148148148,9.783796296296297,97.1,30.9,66.8,40.8,28.2,48.9,0,0,Northern Belt,Q2
OFFINSO MUNICIPAL,ASHANTI,Offinso Municipal,Ashanti,7.05794129999999,-1.73462655987467,42048,43960,23.5,42.8,34107,42296,26183,25081,38040,42369,2346,3253,137272,30.811818870563556,24.846290576373917,63.75405738163639,30.63115566175185,True,52.9,7.5,100.0,7.1,91.3,61.5,9.0,79.8,1,0,Middle Belt,Q3
OBUASI MUNICIPAL,ASHANTI,Obuasi Municipal,Ashanti,6.211542,-1.6894045,36104,34814,11.1,42.8,12845,20504,16924,16455,33517,34084,1444,1873,104297,19.659242355964217,12.315790482947737,49.37648851348353,34.61652780041612,True,52.9,7.5,100.0,7.1,91.3,61.5,9.0,79.8,0,0,Middle Belt,Q1 (lowest)
KRACHI NCHUMURU,OTI,Krachi Nchumuru,Oti,8.1892008,-0.0866133771431008,28802,17142,47.2,40.8,38203,47974,17598,16392,21445,21370,1324,1805,79934,60.01701403658017,47.79317937298271,79.388064930515,36.03222658693422,True,49.66898148148148,9.783796296296297,97.1,30.9,66.8,40.8,28.2,48.9,1,1,Northern Belt,Q4 (highest)
KWABRE EAST,ASHANTI,Kwabre East,Ashanti,6.7897864,-1.53792852576917,99847,89434,10.6,43.3,38251,72440,54194,53339,85713,93804,3777,5987,296814,24.40585686658985,12.887195347928332,59.90129068556181,33.63958573382657,True,52.9,7.5,100.0,7.1,91.3,61.5,9.0,79.8,0,0,Middle Belt,Q2
AGOTIME ZIOPE,VOLTA,Agortime-Ziope,Volta,6.42618935,0.732357165932429,15226,10905,25.7,43.4,11971,10152,6706,6716,11021,12218,1064,1828,39553,25.66682678937122,30.265719414456555,57.75635784672318,38.49518367759715,True,52.3,10.1,98.3,19.0,79.1,72.0,6.7,76.4,0,0,Middle Belt,Q2
ADAKLU,VOLTA,Adaklu,Volta,6.4470511,0.6286474,12326,12465,33.2,43.6,11060,10446,7153,6705,10721,11393,1089,1588,38649,27.02786618023752,28.61652306657352,62.66618431762684,31.892157623741884,True,52.3,10.1,98.3,19.0,79.1,72.0,6.7,76.4,0,0,Middle Belt,Q2
EJURA-SEKYEDUMASE,ASHANTI,Ejura Sekyedumase Municipal,Ashanti,7.38567515,-1.39945747215309,43982,38761,25.0,42.2,49399,46225,28117,26812,38155,39464,2279,2845,137672,33.57618106804579,35.88166075890523,70.7674667285072,31.946946365273988,True,52.9,7.5,100.0,7.1,91.3,61.5,9.0,79.8,1,0,Middle Belt,Q3
ATWIMA NWABIAGYA SOUTH,ASHANTI,Atwima Nwabiagya South Municipal,Ashanti,7.0689359,-2.0226618,54304,50942,12.5,43.0,22396,37941,28597,28050,47365,52189,2372,3320,161893,23.43584960436832,13.833828516365749,56.90077746750507,33.54314269301329,True,52.9,7.5,100.0,7.1,91.3,61.5,9.0,79.8,0,0,Middle Belt,Q2
AKATSI SOUTH,VOLTA,Akatsi South Municipal,Volta,8.25846,0.508747,28601,32012,30.1,44.5,26836,28973,15952,15568,24603,29179,2342,4489,92133,31.44692998165695,29.127457045792493,58.60696887434458,31.043165858053037,True,52.3,10.1,98.3,19.0,79.1,72.0,6.7,76.4,1,0,Middle Belt,Q3
ATWIMA MPONUA,ASHANTI,Atwima Mponua,Ashanti,6.5558963,-2.17659077213842,54588,42035,25.1,42.4,45371,37467,30112,28519,47076,43265,3047,3235,155254,24.132711556546045,29.223723704381204,64.89965796260833,35.16044675177451,True,52.9,7.5,100.0,7.1,91.3,61.5,9.0,79.8,0,0,Middle Belt,Q2
AKATSI NORTH,VOLTA,Akatsi North,Volta,6.3108306,0.876439062223793,10667,10630,39.3,44.4,11624,16744,5827,5631,8505,10014,913,1865,32755,51.1189131430316,35.48771179972523,61.8715913386252,32.56602045489238,True,52.3,10.1,98.3,19.0,79.1,72.0,6.7,76.4,1,0,Middle Belt,Q4 (highest)
HO MUNICIPAL,VOLTA,Ho Municipal,Volta,6.6126598,0.4688932,61676,68181,12.5,42.1,19028,24246,25031,25254,55464,63965,4215,6213,180142,13.459382043054925,10.56277825271175,42.10451397901682,34.23743491245795,True,52.3,10.1,98.3,19.0,79.1,72.0,6.7,76.4,0,0,Middle Belt,Q1 (lowest)
ADANSI SOUTH,ASHANTI,Adansi South,Ashanti,6.00427495,-1.39314032189093,29633,24270,35.0,43.2,23064,39272,16212,15085,24648,25348,1692,2215,85200,46.093896713615024,27.070422535211268,62.59900792063365,34.78051643192489,True,52.9,7.5,100.0,7.1,91.3,61.5,9.0,79.8,1,0,Middle Belt,Q4 (highest)
HOHOE MUNICIPAL,VOLTA,Hohoe Municipal,Volta,7.153187,0.477735,37248,39037,18.8,42.8,18377,22140,19113,19074,33152,36705,2628,3800,114472,19.340974212034386,16.05370745684534,54.66452896631691,32.53896149276679,True,52.3,10.1,98.3,19.0,79.1,72.0,6.7,76.4,0,0,Middle Belt,Q1 (lowest)
ADANSI ASOKWA,ASHANTI,Adansi Asokwa,Ashanti,6.2467263,-1.50841,23550,21838,32.4,43.3,20304,36029,13691,12765,20664,21335,1589,1800,71844,50.14893380101331,28.261232670786708,62.99197599942856,32.77935526975113,True,52.9,7.5,100.0,7.1,91.3,61.5,9.0,79.8,1,0,Middle Belt,Q4 (highest)
HO WEST,VOLTA,Ho West,Volta,6.590707,0.46714,28395,28088,27.9,42.7,15702,25710,13846,12843,23357,25820,2929,4377,83172,30.911845332563843,18.87894964651565,54.271305691685136,34.14009522435435,True,52.3,10.1,98.3,19.0,79.1,72.0,6.7,76.4,1,0,Middle Belt,Q3
BOSOME FREHO,ASHANTI,Bosome Freho,Ashanti,6.3681227,-1.36632312680072,22887,15579,31.3,41.0,17772,30539,12446,11347,17554,17537,1427,1948,62259,49.05154274883953,28.545270563292053,67.803710353082,36.76095022406399,True,52.9,7.5,100.0,7.1,91.3,61.5,9.0,79.8,1,0,Middle Belt,Q4 (highest)
AFADZATO SOUTH,VOLTA,Afadzato South,Volta,7.0222497,0.561946,21981,25555,32.5,43.7,14099,21171,13038,12572,20683,21229,2360,3264,73146,28.94348289721926,19.27514833347005,61.10421836228288,30.05085718973013,True,52.3,10.1,98.3,19.0,79.1,72.0,6.7,76.4,0,0,Middle Belt,Q2
AHAFO ANO SOUTH EAST,ASHANTI,Ahafo Ano South East,Ashanti,6.94633355,-1.90095355028736,20560,17723,31.8,42.5,20459,20524,12966,12219,17786,17591,1319,1587,63468,32.337555933698866,32.235142118863045,71.1903213952568,32.394277431146406,True,52.9,7.5,100.0,7.1,91.3,61.5,9.0,79.8,1,0,Middle Belt,Q3
NORTH DAYI,VOLTA,North Dayi,Volta,6.91384645,0.22267318926127,12527,14591,30.1,43.6,7589,8976,6244,5906,11277,11896,1554,2391,39268,22.858307018437404,19.326168890699808,52.4317093168774,31.90129367423857,True,52.3,10.1,98.3,19.0,79.1,72.0,6.7,76.4,0,0,Middle Belt,Q2
BEKWAI MUNICIPAL,ASHANTI,Bekwai Municipal,Ashanti,6.43631235,-1.59282285301503,44017,45866,19.4,43.6,24658,38214,24713,23371,38899,43202,3004,4778,137967,27.69792776533519,17.872389774366333,58.56688712683159,31.904006030427567,True,52.9,7.5,100.0,7.1,91.3,61.5,9.0,79.8,0,0,Middle Belt,Q2
KPANDO MUNICIPAL,VOLTA,Kpando Municipal,Volta,7.0000115,0.318327973849328,18561,21639,23.4,43.4,10992,11556,9306,9046,18573,18164,1415,2048,58552,19.73630277360295,18.77305642847384,49.95508615292484,31.70002732613745,True,52.3,10.1,98.3,19.0,79.1,72.0,6.7,76.4,0,0,Middle Belt,Q1 (lowest)
BOSOMTWE,ASHANTI,Bosomtwi,Ashanti,6.1777503,-0.1969922,52679,52871,16.1,43.8,22913,46767,30581,29049,47098,51530,2749,4173,165180,28.312749727569926,13.871534084029545,60.45950440037312,31.89187552972515,True,52.9,7.5,100.0,7.1,91.3,61.5,9.0,79.8,0,0,Middle Belt,Q2
NORTH TONGU,VOLTA,North Tongu,Volta,6.14399495,0.297188924896433,33245,36059,38.4,45.4,34242,45575,21452,20654,29254,33512,2535,4003,111410,40.9074589354636,30.73512252042007,67.08409011248128,29.840229781886723,True,52.3,10.1,98.3,19.0,79.1,72.0,6.7,76.4,1,0,Middle Belt,Q4 (highest)
CENTRAL TONGU,VOLTA,Central Tongu,Volta,6.16884364999999,0.611561745917151,24532,28243,36.0,44.4,29161,26329,15476,15033,21648,25244,2067,3816,83284,31.613515200998997,35.01392824552135,65.06227074980806,29.45583785601076,True,52.3,10.1,98.3,19.0,79.1,72.0,6.7,76.4,1,0,Middle Belt,Q3
MAMPONG MUNICIPAL,ASHANTI,Mampong Municipal,Ashanti,7.056139,-1.40425,35620,41077,22.5,42.6,24107,34749,20344,19591,34298,36738,2323,3338,116632,29.79371013101036,20.66928458742026,56.21797398502167,30.54050346388641,True,52.9,7.5,100.0,7.1,91.3,61.5,9.0,79.8,0,0,Middle Belt,Q2
AJUMAKO-ENYAN-ESSIAM,CENTRAL,Ajumako Enyan Essiam,Central,5.41243515,-0.984801059019988,38466,38589,29.6,43.5,29157,49126,22490,21041,31659,36846,3112,5438,120586,40.739389315509264,24.179423813709715,63.54426684183636,31.899225449057106,True,39.5,16.5,98.6,16.4,82.5,72.9,7.4,76.6,1,0,Southern Belt,Q3
GOMOA WEST,CENTRAL,Gomoa West,Central,5.38725545,-0.833638570821268,41686,40125,28.3,44.4,39425,65362,24256,23445,32103,40607,3061,6040,129512,50.46791030946939,30.44119463833467,65.60445605831386,32.18697881277411,True,39.5,16.5,98.6,16.4,82.5,72.9,7.4,76.6,1,0,Southern Belt,Q4 (highest)
AGONA WEST MUNICIPAL,CENTRAL,Agona West Municipal,Central,4.8901537,-1.9664135,47040,43603,21.0,43.7,26617,49785,23329,22597,39083,44191,2961,4408,136569,36.45410012521143,19.489781722059917,55.150467132598415,34.44412714452035,True,39.5,16.5,98.6,16.4,82.5,72.9,7.4,76.6,1,0,Southern Belt,Q3
AGONA EAST,CENTRAL,Agona East,Central,5.63553575,-0.654757357749996,32681,31928,25.9,43.6,22438,53181,17280,16748,27957,31096,2242,3314,98637,53.91587335381246,22.748056003325324,57.62281340490746,33.13259730121557,True,39.5,16.5,98.6,16.4,82.5,72.9,7.4,76.6,1,0,Southern Belt,Q4 (highest)
ASSIN NORTH,CENTRAL,Assin North,Central,5.82545685,-1.37392719579152,29624,21458,31.9,42.0,22155,38011,15174,14283,23465,23635,1830,2152,80539,47.19576850966613,27.50841207365376,62.54140127388536,36.782180061833394,True,39.5,16.5,98.6,16.4,82.5,72.9,7.4,76.6,1,0,Southern Belt,Q4 (highest)
ASSIN SOUTH,CENTRAL,Assin South,Central,5.52889644999999,-1.2709401638536,35793,29955,27.4,41.7,27205,38472,20688,19559,29056,31148,2339,3205,105995,36.29605170055192,25.66630501438747,66.85103979802007,33.76857398933912,True,39.5,16.5,98.6,16.4,82.5,72.9,7.4,76.6,1,0,Southern Belt,Q3
ASIKUMA-ODOBEN-BRAKWA,CENTRAL,Asikuma Odoben Brakwa,Central,5.62649825,-1.02551876426311,43495,36507,29.0,42.3,32209,46532,24263,22728,34621,38201,2939,4241,126993,36.64138968289591,25.36281527328278,64.52857652907088,34.24991928688983,True,39.5,16.5,98.6,16.4,82.5,72.9,7.4,76.6,1,0,Southern Belt,Q3
EFFUTU MUNICIPAL,CENTRAL,Effutu Municipal,Central,5.38339225,-0.597395635326539,27520,52842,21.7,44.2,20228,32581,14186,14268,39432,36492,1613,2825,108816,29.941368916335836,18.5891780620497,37.47695063484537,25.290398470813116,True,39.5,16.5,98.6,16.4,82.5,72.9,7.4,76.6,0,0,Southern Belt,Q2
GOMOA EAST,CENTRAL,Gomoa East,Central,5.47699369999999,-0.589745989100534,101923,95607,14.4,43.7,43210,137369,55840,55327,93198,96950,3200,4182,308697,44.49962260728157,13.997544517763377,58.463407451038144,33.017165699699056,True,39.5,16.5,98.6,16.4,82.5,72.9,7.4,76.6,1,0,Southern Belt,Q4 (highest)
ABURA-ASEBU-KWAMANKESE,CENTRAL,Abura Asebu Kwamankese,Central,5.2698722,-1.18890498156872,39299,40203,28.0,44.1,33503,44229,22987,21976,33681,37927,2976,4918,124465,35.53529104567549,26.917607359498653,62.790470338509664,31.574338167356288,True,39.5,16.5,98.6,16.4,82.5,72.9,7.4,76.6,1,0,Southern Belt,Q3
JOMORO,WESTERN,Jomoro Municipal,Western,5.199616,-2.61473434715296,39912,40959,31.2,43.7,36331,40184,23402,22303,37306,38855,1941,2769,126576,31.74693464795854,28.70291366451776,60.011029266947645,31.53204398938188,True,48.8,10.8,95.2,13.7,85.3,65.4,9.7,76.9,1,0,Southern Belt,Q3
ELLEMBELLE,WESTERN,Ellembelle,Western,5.14952214999999,-2.42142536190491,35570,42516,33.3,42.8,31771,36622,21811,20996,37019,36768,1756,2543,120893,30.29290364206365,26.28026436600961,58.01428435903343,29.42271264672065,True,48.8,10.8,95.2,13.7,85.3,65.4,9.7,76.9,1,0,Southern Belt,Q3
DORMAA MUNICIPAL,BONO,Dormaa Central Municipal,Bono,7.23948645,-2.85657511014467,39452,35163,15.8,41.7,24994,19538,19428,18659,33320,35322,2360,3613,112702,17.335983389824495,22.177068729924933,55.48643687538242,35.00558996291104,True,49.66898148148148,9.783796296296297,98.6,9.3,89.7,61.5,11.8,77.4,0,0,Middle Belt,Q1 (lowest)
DORMAA WEST,BONO,Dormaa West,Bono,6.97538415,-2.9463116043167,17716,12431,23.2,40.8,14423,9745,9360,8406,15341,13222,821,763,47913,20.33894767599608,30.102477406966795,62.199348807898325,36.97535115730595,True,49.66898148148148,9.783796296296297,98.6,9.3,89.7,61.5,11.8,77.4,0,0,Middle Belt,Q2
NADOWLI-KALEO,UPPER WEST,Nadowli Kaleo,Upper West,10.2868347,-2.6394776056347,16572,32214,40.6,47.2,34105,9882,14459,13812,20639,22624,1895,3628,77057,12.824272940810047,44.25944430746071,65.34683216605414,21.50615777930623,True,49.6,6.7,98.4,6.9,92.8,51.0,34.6,47.2,0,0,Northern Belt,Q1 (lowest)
PRESTEA/HUNI VALLEY,WESTERN,Prestea/Huni Valley Municipal,Western,5.44481979999999,-2.04050432321944,73612,73038,29.5,43.8,59020,112064,41865,40786,72937,67695,2942,3076,229301,48.87200666373021,25.7390940292454,58.77111894874566,32.102781932917864,True,48.8,10.8,95.2,13.7,85.3,65.4,9.7,76.9,1,0,Southern Belt,Q4 (highest)
AHANTA WEST MUNICIPAL,WESTERN,Ahanta West Municipal,Western,4.8514282,-1.98665461803006,49812,47885,27.2,44.7,38266,70901,27867,27576,45127,47048,2225,3297,153140,46.2981585477341,24.98759305210918,60.14971521562246,32.52709938618258,True,48.8,10.8,95.2,13.7,85.3,65.4,9.7,76.9,1,0,Southern Belt,Q4 (highest)
DAFFIAMA BUSSIE ISSA,UPPER WEST,Daffiama Bussie Issa,Upper West,10.36748405,-2.26222672458466,10070,13695,38.7,44.4,21566,10188,7768,7221,10310,10968,845,1642,38754,26.28889921040409,55.64844919234143,70.44365071905254,25.984414512050368,True,49.6,6.7,98.4,6.9,92.8,51.0,34.6,47.2,0,0,Northern Belt,Q2
NZEMA EAST,WESTERN,Nzema East Municipal,Western,5.08576495,-2.22263416898707,32893,27539,38.2,43.0,32560,46450,17234,16955,30240,27556,1116,1520,94621,49.09058242884772,34.410965853246104,59.15461277597066,34.76289618583613,True,48.8,10.8,95.2,13.7,85.3,65.4,9.7,76.9,1,0,Southern Belt,Q4 (highest)
LAWRA,UPPER WEST,Lawra Municipal,Upper West,10.61348995,-2.86412434170417,12718,24866,39.5,45.8,26943,3535,10757,10092,16108,17366,1460,2650,58433,6.049663717419951,46.10921910564236,62.28416084124993,21.765098488867597,True,49.6,6.7,98.4,6.9,92.8,51.0,34.6,47.2,0,0,Northern Belt,Q1 (lowest)
NANDOM,UPPER WEST,Nandom,Upper West,10.8520701,-2.760077,11997,21466,31.8,44.8,22506,2685,9167,8698,15098,14682,1312,2371,51328,5.231062967581048,43.84741271820449,59.989926124916046,23.37320760598504,True,49.6,6.7,98.4,6.9,92.8,51.0,34.6,47.2,0,0,Northern Belt,Q1 (lowest)
TARKWA NSUAEM,WESTERN,Tarkwa-Nsuaem Municipal,Western,5.310935,-1.992426,74018,73132,18.2,43.5,39035,62189,36129,35830,74620,67080,2538,2912,219109,28.3826771150432,17.815333920560086,50.78263937896965,33.78135996239315,True,48.8,10.8,95.2,13.7,85.3,65.4,9.7,76.9,0,0,Southern Belt,Q2
TALENSI,UPPER EAST,Talensi,Upper East,10.6451057499999,-0.62587443176215,15187,39504,56.2,48.9,35409,16401,16765,15565,25355,24262,1729,3345,87021,18.847174819871064,40.69017823284035,65.15911885039401,17.452109260982983,True,62.3,3.2,99.2,2.0,97.7,55.2,25.9,56.8,0,0,Northern Belt,Q1 (lowest)
SEFWI AKONTOMBRA,WESTERN NORTH,Sefwi Akontombra,Western North,6.0425529,-2.8760069,25005,16732,24.5,42.2,29528,18022,13046,11906,20785,18801,1192,959,66689,27.02394697776245,44.27716714900508,63.03238518668216,37.494939195369554,True,48.8,10.8,98.6,11.1,87.9,47.8,14.0,71.1,0,0,Southern Belt,Q2
EFFIA KWESIMINTSIM MUNICIPAL,WESTERN,Effia Kwesimintsim Municipal,Western,4.96766095,-1.80360599719917,63585,57847,9.3,42.5,15630,40568,26270,26273,56495,57599,3099,4239,173975,23.31829285816928,8.98404943238971,46.05237786386663,36.548354648656414,True,48.8,10.8,95.2,13.7,85.3,65.4,9.7,76.9,0,0,Southern Belt,Q2
NABDAM,UPPER EAST,Nabdam,Upper East,10.8469045,-0.661562047243897,5352,29181,68.6,51.2,24677,10522,9547,8959,15580,16128,1008,1817,53039,19.838232244197663,46.52614114142424,58.36381985618772,10.09068798431343,True,62.3,3.2,99.2,2.0,97.7,55.2,25.9,56.8,0,0,Northern Belt,Q1 (lowest)
BUILSA SOUTH,UPPER EAST,Builsa South,Upper East,10.53032385,-1.26246582508358,6949,15982,55.1,47.7,18682,8007,7090,6554,10496,10263,742,1430,36575,21.892002734108,51.07860560492139,65.72570933089263,18.99931647300068,True,62.3,3.2,99.2,2.0,97.7,55.2,25.9,56.8,0,0,Northern Belt,Q2
BUILSA NORTH,UPPER EAST,Builsa North Municipal,Upper East,10.73472,-1.29056,12841,24155,39.7,46.8,22586,6489,10206,9369,16697,16143,1429,2727,56571,11.470541443495785,39.925049937247,59.607186358099874,22.69890933517173,True,62.3,3.2,99.2,2.0,97.7,55.2,25.9,56.8,0,0,Northern Belt,Q1 (lowest)
BINDURI,UPPER EAST,Binduri,Upper East,10.9694889,-0.3062234,13742,32587,53.8,47.8,40396,10934,15617,14733,19298,21406,2076,3549,76679,14.259445219682052,52.68195985863143,74.5626965408805,17.92146480783526,True,62.3,3.2,99.2,2.0,97.7,55.2,25.9,56.8,0,0,Northern Belt,Q1 (lowest)
PUSIGA,UPPER EAST,Pusiga,Upper East,11.0854045,-0.1276855,15814,30610,40.8,45.4,44153,6809,17464,16645,19362,22108,1943,3011,80533,8.454919101486347,54.82597196180448,82.24981914637087,19.636670681583947,True,62.3,3.2,99.2,2.0,97.7,55.2,25.9,56.8,0,0,Northern Belt,Q1 (lowest)
BAWKU MUNICIPAL,UPPER EAST,Bawku Municipal,Upper East,11.0607602,-0.2422876,31016,42804,23.6,44.8,49713,8649,23314,22324,32217,34839,2498,4266,119458,7.240201577123341,41.61546317534196,68.05953233118588,25.963937115973817,True,62.3,3.2,99.2,2.0,97.7,55.2,25.9,56.8,0,0,Northern Belt,Q1 (lowest)
NORTH GONJA,SAVANNAH,North Gonja,Savannah,8.98787705,-0.403868101269744,12152,21266,58.4,47.2,36888,36681,14200,13825,15763,15868,801,986,61443,59.69923343586739,60.03613104828865,88.59979134393475,19.77768012629592,True,49.66898148148148,9.783796296296297,98.12086614173228,12.606692913385826,86.50314960629919,60.54606299212598,15.77047244094488,69.8547244094488,1,1,Northern Belt,Q4 (highest)
WEST GONJA,SAVANNAH,West Gonja,Savannah,9.5267018,-1.5071681,10305,28704,39.7,44.9,25501,5633,12525,11915,18794,18196,951,1068,63449,8.877996501126889,40.19133477280965,66.07191132738578,16.24139072325805,True,49.66898148148148,9.783796296296297,98.12086614173228,12.606692913385826,86.50314960629919,60.54606299212598,15.77047244094488,69.8547244094488,0,0,Northern Belt,Q1 (lowest)
MION,NORTHERN,Mion,Northern,9.45284905,-0.335525511842833,23875,26064,53.4,44.5,57646,40227,23000,21991,22749,24286,1413,1491,94930,42.37543453070683,60.72474454861477,95.65429998936962,25.150110607816284,True,57.4,12.1,95.6,27.0,71.9,32.4,52.5,35.9,1,0,Northern Belt,Q4 (highest)
YENDI MUNICIPAL,NORTHERN,Yendi Municipal,Northern,9.4739214,0.022769270127783,35078,52937,38.3,45.3,71415,36683,33899,32507,39806,42284,2437,3488,154421,23.75518873728314,46.24694827776015,80.89414057741503,22.71582232986446,True,57.4,12.1,95.6,27.0,71.9,32.4,52.5,35.9,0,0,Northern Belt,Q2
TOLON,NORTHERN,Tolon,Northern,9.555956,-1.19792230212529,21538,43727,57.5,46.8,66152,61432,27261,25564,29223,31525,2023,2494,118090,52.02133965619444,56.018291133880936,86.95759531177981,18.238631552205945,True,57.4,12.1,95.6,27.0,71.9,32.4,52.5,35.9,1,1,Northern Belt,Q4 (highest)
KUMBUNGU,NORTHERN,Kumbungu,Northern,9.5591282,-0.9467086,20044,40208,45.0,46.4,56077,39469,26246,24088,26963,28760,2082,2447,110586,35.690774600763206,50.708950500063295,90.32894854907308,18.12525997865914,True,57.4,12.1,95.6,27.0,71.9,32.4,52.5,35.9,1,0,Northern Belt,Q3
WEST MAMPRUSI MUNICIPAL,NORTHERN EAST,West Mamprusi Municipal,North East,10.29738455,-0.764055036110824,31319,66367,41.5,45.8,82262,26996,39813,38256,43613,48368,2286,3419,175755,15.360018207163382,46.80492731358994,84.87513725660735,17.819692185144092,True,57.4,12.1,95.6,27.0,71.9,32.4,52.5,35.9,0,0,Northern Belt,Q1 (lowest)
MAMPRUGU MOAGDURI,NORTHERN EAST,Mamprugu Moagduri,North East,10.23964,-1.27428,21572,15425,44.5,42.4,40473,43003,16277,15472,16808,17970,968,1251,68746,62.55345765571815,58.87324353416926,91.29047098740584,31.37928024903267,True,57.4,12.1,95.6,27.0,71.9,32.4,52.5,35.9,1,1,Northern Belt,Q4 (highest)
ZABZUGU,NORTHERN,Zabzugu,Northern,9.294058,0.367064,19567,23899,42.7,43.3,46203,32326,20403,18977,19446,21673,1030,1317,82846,39.019385365618135,55.76974144798783,95.77081154697342,23.618521111459817,True,57.4,12.1,95.6,27.0,71.9,32.4,52.5,35.9,1,0,Northern Belt,Q3
TATALE SANGULI,NORTHERN,Tatale Sanguli,Northern,9.34906725,0.514632473680653,20678,19204,52.4,43.5,40934,36464,17927,16996,17913,19322,1101,1546,74805,48.745404718935895,54.72094111356193,93.79078823687392,27.6425372635519,True,57.4,12.1,95.6,27.0,71.9,32.4,52.5,35.9,1,0,Northern Belt,Q4 (highest)
SENE EAST,BONO EAST,Sene East,Bono East,7.6658435,-0.182426172494555,23216,17927,49.5,41.5,35965,31452,16311,14627,21108,18084,1014,937,72081,43.63424480792442,49.89525672507318,78.93957950602164,32.20821020796049,True,49.66898148148148,9.783796296296297,99.4,15.6,84.2,44.9,24.0,57.8,1,0,Middle Belt,Q4 (highest)
BIBIANI-ANHWIASO-BEKWAI MUNICIPAL,WESTERN NORTH,Bibiani Anhwiaso Bekwai Municipal,Western North,6.29602085,-2.23398871855776,54933,53406,25.8,41.9,22658,14946,30105,29527,50059,52106,2634,3540,167971,8.897964529591418,13.4892332605033,58.36832574756521,32.70385959481101,True,48.8,10.8,98.6,11.1,87.9,47.8,14.0,71.1,0,0,Southern Belt,Q1 (lowest)
SENE WEST,BONO EAST,Sene West,Bono East,7.74897775,-0.618112944814146,25949,16360,26.8,41.0,33389,14249,14065,13730,20496,19425,1064,1324,70104,20.325516375670432,47.627810110692685,69.62500939355226,37.01500627638936,True,49.66898148148148,9.783796296296297,99.4,15.6,84.2,44.9,24.0,57.8,0,0,Middle Belt,Q1 (lowest)
UPPER DENKYIRA EAST MUNICIPAL,CENTRAL,Upper Denkyira East Municipal,Central,5.83523424999999,-1.73920835777296,34729,35865,24.3,43.8,23359,30732,20144,19403,33371,33259,1765,2199,110141,27.902415994044,21.20826940013256,59.353144229326126,31.53140065915509,True,39.5,16.5,98.6,16.4,82.5,72.9,7.4,76.6,0,0,Southern Belt,Q2
ASUTIFI NORTH,AHAFO,Asutifi North,Ahafo,7.07651835,-2.52531850396715,24423,23087,26.6,43.1,18794,12723,13205,12841,23097,21584,1361,1468,73556,17.297025395616945,25.550600902713576,58.293234260647694,33.20327369623144,True,49.66898148148148,9.783796296296297,98.0,5.4,93.1,48.3,17.5,70.7,0,0,Middle Belt,Q1 (lowest)
AHAFO ANO NORTH,ASHANTI,Ahafo Ano North Municipal,Ashanti,6.90966445,-2.23301229669742,33407,25324,26.5,41.2,23108,28414,17581,16430,27329,27509,1843,2050,92742,30.63768303465528,24.91643484074098,62.02086144644225,36.02143581117509,True,52.9,7.5,100.0,7.1,91.3,61.5,9.0,79.8,1,0,Middle Belt,Q3
AMANSIE CENTRAL,ASHANTI,Amansie Central,Ashanti,6.20744165,-1.82814118592735,33580,27066,28.6,43.3,27396,31633,16778,15628,29576,26490,2039,2541,93052,33.994970554098785,29.44160254481365,57.79973602539864,36.08734900915617,True,52.9,7.5,100.0,7.1,91.3,61.5,9.0,79.8,1,0,Middle Belt,Q3
AMANSIE WEST,ASHANTI,Amansie West,Ashanti,6.43975084999999,-1.85237045719587,34157,37321,31.0,44.7,30406,48450,20820,20329,35110,32074,1803,2491,112627,43.01810400703206,26.997078853205718,61.24821386044296,30.3275413533167,True,52.9,7.5,100.0,7.1,91.3,61.5,9.0,79.8,1,0,Middle Belt,Q4 (highest)
ASUTIFI SOUTH,AHAFO,Asutifi South,Ahafo,6.84924284999999,-2.46125343688365,21582,20836,23.2,42.4,19701,14593,12878,12038,20319,19574,1194,1331,67334,21.672557697448543,29.25862120177028,62.45707266939063,32.05215789942674,True,49.66898148148148,9.783796296296297,98.0,5.4,93.1,48.3,17.5,70.7,0,0,Middle Belt,Q2
TECHIMAN MUNICIPAL,BONO EAST,Techiman Municipal,Bono East,7.5279454,-1.97466940505838,89186,68047,9.8,41.4,57462,28058,43306,42796,71814,77235,3579,4605,243335,11.530605954753735,23.614358805761604,57.76757978919685,36.65152978404257,True,49.66898148148148,9.783796296296297,99.4,15.6,84.2,44.9,24.0,57.8,0,0,Middle Belt,Q1 (lowest)
UPPER DENKYIRA WEST,CENTRAL,Upper Denkyira West,Central,6.10783305,-2.06931071266353,33332,25814,24.5,43.6,25637,44004,16093,15786,30896,25738,1148,1364,91025,48.34276297720406,28.16478989288657,56.28950806935763,36.61851139796759,True,39.5,16.5,98.6,16.4,82.5,72.9,7.4,76.6,1,0,Southern Belt,Q4 (highest)
TECHIMAN NORTH,BONO EAST,Techiman North,Bono East,7.70365499999999,-1.98577027897075,34326,31765,15.0,41.8,27555,15369,18455,17983,30106,31934,1687,2364,102529,14.989905295087244,26.8753230793239,58.7330754352031,33.47930829326337,True,49.66898148148148,9.783796296296297,99.4,15.6,84.2,44.9,24.0,57.8,0,0,Middle Belt,Q1 (lowest)
CAPE COAST METROPOLITAN,CENTRAL,Cape Cape Metropolitan Area (CCMA)-Cape Coast South & Cape Coast North,Central,5.1115501,-1.2484127,67570,65035,12.9,44.3,20509,51556,27622,27138,61645,64688,3523,2749,187365,27.516345101806632,10.946014463747233,43.34576080675674,36.06329890854749,True,39.5,16.5,98.6,16.4,82.5,72.9,7.4,76.6,0,0,Southern Belt,Q2
KOMENDA-EDINA-EGUAFO-ABIREM MUNICIPAL,CENTRAL,Komenda Edina Eguafo Abirem Municipal,Central,5.1302015,-1.43995928979516,53152,53030,25.1,44.2,43258,75202,30377,29458,46636,50105,3557,5884,166017,45.29777071022847,26.05636772137793,61.850714795174746,32.01599836161357,True,39.5,16.5,98.6,16.4,82.5,72.9,7.4,76.6,1,0,Southern Belt,Q4 (highest)
BANDA,BONO,Banda,Bono,8.1645269,-2.3569966,7746,10025,35.7,43.7,11732,6648,5465,4943,8765,7659,583,764,28179,23.59203662301714,41.633840803435184,63.37067705796395,27.48855530714362,True,49.66898148148148,9.783796296296297,98.6,9.3,89.7,61.5,11.8,77.4,0,0,Middle Belt,Q2
SEFWI-WIAWSO,WESTERN NORTH,Sefwi Wiawso Municipal,Western North,6.30540429999999,-2.51755838219394,51890,46609,33.3,42.4,42460,37320,26975,25746,46395,46745,2535,2824,151220,24.679275228144427,28.078296521624125,56.604036933648274,34.314244147599524,True,48.8,10.8,98.6,11.1,87.9,47.8,14.0,71.1,0,0,Southern Belt,Q2
JAMAN NORTH,BONO,Jaman North,Bono,7.9132614,-2.69723280400663,36119,38856,14.5,42.4,30773,8231,21157,20397,34679,35066,2077,3153,116529,7.06347776090072,26.408018604810817,59.579898200587856,30.99571780415176,True,49.66898148148148,9.783796296296297,98.6,9.3,89.7,61.5,11.8,77.4,0,0,Middle Belt,Q1 (lowest)
ASUNAFO SOUTH,AHAFO,Asunafo South,Ahafo,6.56280465,-2.53279356335542,32671,25169,26.2,42.7,26493,43550,17439,16414,27748,26493,1769,1830,91693,47.49544676256639,28.8931543302106,62.41219741523939,35.63085513616088,True,49.66898148148148,9.783796296296297,98.0,5.4,93.1,48.3,17.5,70.7,1,0,Middle Belt,Q4 (highest)
TAIN,BONO,Tain,Bono,7.9614185,-2.1422727,39176,34283,21.5,41.9,42235,22022,21764,20345,34230,33737,2388,3104,115568,19.055447874844248,36.54558355254049,61.955066429296565,33.8986570677004,True,49.66898148148148,9.783796296296297,98.6,9.3,89.7,61.5,11.8,77.4,0,0,Middle Belt,Q1 (lowest)
NKORANZA SOUTH,BONO EAST,Nkoranza South Municipal,Bono East,7.45296465,-1.67701851419084,38611,33973,18.0,41.6,34349,16840,21684,20374,33264,34501,2164,2655,114642,14.689206399050958,29.96196856300483,62.06448756732826,33.679628757348965,True,49.66898148148148,9.783796296296297,99.4,15.6,84.2,44.9,24.0,57.8,0,0,Middle Belt,Q1 (lowest)
SEKYERE KUMAWU,ASHANTI,Sekyere Kumawu,Ashanti,6.9098849,-1.23942940155571,20110,20475,23.9,42.9,13090,23038,12071,11740,17308,19228,1511,2538,64396,35.775514007081185,20.327349524815205,65.17133785855047,31.228647742095784,True,52.9,7.5,100.0,7.1,91.3,61.5,9.0,79.8,1,0,Middle Belt,Q3
BOLE,SAVANNAH,Bole,Savannah,8.69166865,-2.17855621492469,27779,44167,37.2,44.8,56513,22652,22281,21573,36043,32286,1579,2038,115800,19.56131260794473,48.80224525043178,64.18065535863249,23.988773747841105,True,49.66898148148148,9.783796296296297,98.12086614173228,12.606692913385826,86.50314960629919,60.54606299212598,15.77047244094488,69.8547244094488,0,0,Northern Belt,Q1 (lowest)
SEKYERE AFRAM PLAINS NORTH,ASHANTI,Sekyere Afram Plains,Ashanti,7.20286155,-0.592081996515861,10858,7985,50.5,40.8,17179,21066,7452,6931,9951,8183,410,299,33226,63.40215493890327,51.70348522241618,79.31509870960627,32.67922711129838,True,52.9,7.5,100.0,7.1,91.3,61.5,9.0,79.8,1,1,Middle Belt,Q4 (highest)
ASANTE AKIM NORTH,ASHANTI,Asante Akim North Municipal,Ashanti,6.906722,-0.958978,29855,26615,26.0,42.1,20318,28968,14574,14158,25316,26886,1799,2469,85202,33.99920189666909,23.846858054975232,55.0400367802,35.04025727095608,True,52.9,7.5,100.0,7.1,91.3,61.5,9.0,79.8,1,0,Middle Belt,Q3
ASANTE AKIM CENTRAL MUNICIPAL,ASHANTI,Asante Akim Central Municipal,Ashanti,6.56465915,-1.25347851347396,29453,30820,16.9,42.6,15786,18044,15871,15529,27013,29228,1623,2409,91673,19.683003719743,17.219901170464585,55.83115520705535,32.1283256793167,True,52.9,7.5,100.0,7.1,91.3,61.5,9.0,79.8,0,0,Middle Belt,Q1 (lowest)
KINTAMPO NORTH MUNICIPAL,BONO EAST,Kintampo North Municipal,Bono East,8.053714,-1.728919,40030,45840,28.1,43.4,56833,30289,27626,26754,39911,40681,2394,2884,140250,21.59643493761141,40.52263814616756,67.47567996823506,28.54188948306595,True,49.66898148148148,9.783796296296297,99.4,15.6,84.2,44.9,24.0,57.8,0,0,Middle Belt,Q2
ASOKORE MAMPONG MUNICIPAL,ASHANTI,Asokore Mampong Municipal,Ashanti,6.7077852,-1.5665013,66200,62382,11.3,42.7,37038,38807,31486,31334,58782,62187,3238,4375,191402,20.275127741611897,19.35089497497414,51.93065992113682,34.58689041911788,True,52.9,7.5,100.0,7.1,91.3,61.5,9.0,79.8,0,0,Middle Belt,Q1 (lowest)
ATEBUBU AMANTIN,BONO EAST,Atebubu Amantin Municipal,Bono East,7.72813859999999,-1.09550967027384,47541,38871,28.8,41.5,59415,36951,29821,28714,41262,40752,1910,2488,144947,25.492766321483025,40.99084492952596,71.37196088472699,32.79888510972977,True,49.66898148148148,9.783796296296297,99.4,15.6,84.2,44.9,24.0,57.8,0,0,Middle Belt,Q2
KWADASO MUNICIPAL,ASHANTI,Kwadaso Municipal,Ashanti,6.68059249999999,-1.67467000057054,53272,55768,9.5,42.4,13021,33490,22551,22935,50312,52889,2342,3497,154526,21.67272821402224,8.426413677957107,44.07515431052025,34.47445737286929,True,52.9,7.5,100.0,7.1,91.3,61.5,9.0,79.8,0,0,Middle Belt,Q2
KPANDAI,NORTHERN,Kpandai,Northern,8.4635789,-0.0119853,41265,29199,48.6,42.1,64398,67683,28295,27454,32983,33691,1603,2187,126213,53.62601316821564,51.02327018611395,83.61430242673306,32.69473033681158,True,57.4,12.1,95.6,27.0,71.9,32.4,52.5,35.9,1,1,Northern Belt,Q4 (highest)
EJISU MUNICIPAL,ASHANTI,Ejisu Municipal,Ashanti,6.7139918,-1.4665782,58604,59932,13.5,43.6,26943,39195,31700,30487,53047,57696,3089,4704,180723,21.68788698726781,14.908451054929367,56.15433932618766,32.427527210150345,True,52.9,7.5,100.0,7.1,91.3,61.5,9.0,79.8,0,0,Middle Belt,Q2
NKWANTA NORTH,OTI,Nkwanta North (Kpassa),Oti,8.4892994,0.3094664,39799,29263,55.2,41.7,69270,92265,28933,28101,32315,33375,1374,1998,126096,73.1704415683289,54.9343357441949,86.82295630994064,31.562460347671617,True,49.66898148148148,9.783796296296297,97.1,30.9,66.8,40.8,28.2,48.9,1,1,Northern Belt,Q4 (highest)
BIAKOYE,OTI,Biakoye,Oti,7.39217985,0.262973639210098,26316,18533,34.2,42.2,22512,28009,13938,13040,20259,20321,1872,2397,71827,38.995085413563146,31.34197446642628,66.48102513553475,36.63803305163796,True,49.66898148148148,9.783796296296297,97.1,30.9,66.8,40.8,28.2,48.9,1,0,Northern Belt,Q3
WASSA AMENFI EAST,WESTERN,Wassa Amenfi East Municipal,Western,5.87660585,-1.98975398510416,55415,62692,35.5,44.4,57887,82600,31302,30287,61347,51720,2634,2406,179696,45.96652123586502,32.21385005787552,54.47124271449672,30.83819339328644,True,48.8,10.8,95.2,13.7,85.3,65.4,9.7,76.9,1,0,Southern Belt,Q4 (highest)
CENTRAL GONJA,SAVANNAH,Central Gonja,Savannah,8.93715119999999,-1.10983922943129,24193,52626,61.8,46.6,81261,65926,33708,32235,36113,37012,1814,1880,142762,46.17895518415265,56.9206091256777,90.17846153846152,16.946386293271317,True,49.66898148148148,9.783796296296297,98.12086614173228,12.606692913385826,86.50314960629919,60.54606299212598,15.77047244094488,69.8547244094488,1,0,Northern Belt,Q4 (highest)
TEMA WEST MUNICIPAL,GREATER ACCRA,Tema West Municipal,Greater Accra,5.65076355,-0.0688760444019398,81595,60403,8.2,42.0,10773,76946,27080,27146,66160,67893,3606,4339,196224,39.21334801043705,5.490154109589041,40.45116483778804,41.58257909328115,True,38.9,13.4,95.8,8.7,91.3,79.2,4.4,84.6,1,0,Southern Belt,Q3
ASHAIMAN MUNICIPAL,GREATER ACCRA,Ashaiman Municipal,Greater Accra,5.6993574,-0.0348533202566188,90383,55066,7.5,43.3,23548,72971,31383,31228,68910,70025,3117,3397,208060,35.07209458809959,11.317889070460444,45.06495843379998,43.440834374699605,True,38.9,13.4,95.8,8.7,91.3,79.2,4.4,84.6,1,0,Southern Belt,Q3
PRU EAST,BONO EAST,Pru East,Bono East,7.9636217,-0.9549861,32906,27206,30.3,41.2,44232,28477,20812,19916,28721,28766,1175,1450,100840,28.239785799286,43.86354621182071,70.84732200323552,32.63189210630702,True,49.66898148148148,9.783796296296297,99.4,15.6,84.2,44.9,24.0,57.8,0,0,Middle Belt,Q2
KPONE KATAMANSO,GREATER ACCRA,Kpone Katamanso Municipal,Greater Accra,5.77159775,-0.0733651054089466,151899,121007,10.5,43.1,38226,156281,69740,70182,132130,132218,3852,4706,412828,37.8562016142316,9.259546348600384,52.93098491382572,36.79474260466829,True,38.9,13.4,95.8,8.7,91.3,79.2,4.4,84.6,1,0,Southern Belt,Q3
SAVELUGU,NORTHERN,Savelugu Municipal,Northern,9.6260647,-0.8258943,22576,46349,41.1,45.5,60689,44028,27601,26362,30825,33659,1964,2477,122888,35.82774558947985,49.38561942581863,83.6843247937473,18.37119979168023,True,57.4,12.1,95.6,27.0,71.9,32.4,52.5,35.9,1,0,Northern Belt,Q3
TAMALE METROPOLITAN,NORTHERN,Tamale Metropolitan Area (TMA)-Tamale Central & Tamale South,Northern,9.40078,-0.8393,105305,117605,21.0,44.0,123455,97886,73044,71370,106568,111108,2272,2962,367324,26.6484084895079,33.60929315808387,66.34355647843584,28.668151277890907,True,57.4,12.1,95.6,27.0,71.9,32.4,52.5,35.9,0,0,Northern Belt,Q2
SAGNERIGU,NORTHERN,Sagnarigu Municipal,Northern,9.48585935,-0.855049753344912,85957,123012,18.7,43.9,94006,62402,66933,65809,98837,100082,4429,5621,341711,18.26163044209873,27.510381579755997,66.73168475610676,25.154882342096094,True,57.4,12.1,95.6,27.0,71.9,32.4,52.5,35.9,0,0,Northern Belt,Q1 (lowest)
KARAGA,NORTHERN,Karaga,Northern,9.9267799,-0.4316607,25654,34057,50.5,46.5,69495,50110,28047,26467,25893,30391,1737,1690,114225,43.8695557014664,60.84044648719632,96.85523416956862,22.459181440140075,True,57.4,12.1,95.6,27.0,71.9,32.4,52.5,35.9,1,0,Northern Belt,Q4 (highest)
NORTH EAST GONJA,SAVANNAH,North East Gonja,Savannah,8.98787705,-0.403868101269744,8662,12137,60.4,45.6,23615,23207,9616,8989,9775,9966,526,532,39404,58.895036036950565,59.93046391229316,94.24547895243404,21.982539843670693,True,49.66898148148148,9.783796296296297,98.12086614173228,12.606692913385826,86.50314960629919,60.54606299212598,15.77047244094488,69.8547244094488,1,1,Northern Belt,Q4 (highest)
SOUTH DAYI,VOLTA,South Dayi,Volta,6.5449087,0.240546020283373,16500,21760,29.0,44.3,12238,12038,9829,9429,17376,17233,1509,2142,57518,20.92910045550958,21.276817691852983,55.64448553844375,28.68667199833096,True,52.3,10.1,98.3,19.0,79.1,72.0,6.7,76.4,0,0,Middle Belt,Q2
TEMPANE,UPPER EAST,Tempane,Upper East,10.9030714,-0.0914351270233069,16027,35236,50.7,48.1,47667,15911,18264,17466,20421,24065,2583,4194,86993,18.289977354499783,54.79406389019806,80.31740322798183,18.423321416665708,True,62.3,3.2,99.2,2.0,97.7,55.2,25.9,56.8,0,0,Northern Belt,Q1 (lowest)
BOLGA  EAST,UPPER EAST,Bolgatanga East,Upper East,10.7853963,-0.8487322,9790,15601,24.9,44.0,12504,2878,6860,6573,11258,11835,718,1580,38824,7.412940449206676,32.20688234082011,58.16914216429221,25.21636101380589,True,62.3,3.2,99.2,2.0,97.7,55.2,25.9,56.8,0,0,Northern Belt,Q1 (lowest)
YUNYOO-NASUAN,NORTHERN EAST,Yunyoo Nasuan,North East,10.4415225,-0.0276844142154081,10414,18846,56.9,47.0,32999,18812,14196,13423,12891,13990,940,1439,56879,33.07371789236801,58.01613952425324,102.74543357761988,18.309042001441654,True,57.4,12.1,95.6,27.0,71.9,32.4,52.5,35.9,1,0,Northern Belt,Q3
NANTON,NORTHERN,Nanton,Northern,9.55848269999999,-0.710728600167338,12168,15048,39.9,45.3,27942,19692,12316,11235,12111,13374,830,901,50767,38.78897709141766,55.03969113794393,92.41122228762016,23.96832588098568,True,57.4,12.1,95.6,27.0,71.9,32.4,52.5,35.9,1,0,Northern Belt,Q3
ASSIN FOSU,CENTRAL,Assin Central Municipal,Central,5.73294244999999,-1.31730368183195,31134,25993,18.1,42.8,12994,30642,15976,15650,26152,27674,1421,1880,88753,34.52503013982626,14.640631865965096,58.75599152825773,35.07937759850371,True,39.5,16.5,98.6,16.4,82.5,72.9,7.4,76.6,1,0,Southern Belt,Q3
GOMOA CENTRAL,CENTRAL,Gomoa Central,Central,5.47699369999999,-0.589745989100534,28310,24080,18.8,44.1,17534,37766,15233,14969,21856,26134,1504,2896,82592,45.725978302983336,21.229659046881054,62.933944571785794,34.27692754746222,True,39.5,16.5,98.6,16.4,82.5,72.9,7.4,76.6,1,0,Southern Belt,Q4 (highest)
PRU WEST,BONO EAST,Pru West,Bono East,8.03487795,-1.31329234137589,23430,18389,38.3,40.8,33051,28780,14399,13602,20066,19335,1124,1294,69820,41.2202807218562,47.33743912918935,71.06672419481738,33.55771985104555,True,49.66898148148148,9.783796296296297,99.4,15.6,84.2,44.9,24.0,57.8,1,0,Middle Belt,Q4 (highest)
BEREKUM WEST,BONO,Berekum West,Bono,7.47199419999999,-2.71078914019081,16162,16585,14.8,41.6,11329,6176,8505,8212,14064,15958,1024,1701,49464,12.485848293708557,22.903525796538897,55.6824995003664,32.6742681546175,True,49.66898148148148,9.783796296296297,98.6,9.3,89.7,61.5,11.8,77.4,0,0,Middle Belt,Q1 (lowest)
AHAFO ANO SOUTH WEST,ASHANTI,Ahafo Ano South West,Ashanti,6.8289788,-2.00038660056909,22860,18251,31.9,41.8,20670,24676,12766,11893,19422,18720,1453,1516,65770,37.518625513151896,31.427702599969592,64.6505164910073,34.75748821651209,True,52.9,7.5,100.0,7.1,91.3,61.5,9.0,79.8,1,0,Middle Belt,Q3
AMANSIE SOUTH,ASHANTI,Amansie South,Ashanti,6.30802585,-2.01186652006877,41010,34389,30.3,44.4,34142,54471,19293,18463,38951,33050,1531,1867,113155,48.13839423799213,30.172771861605764,52.43816058110304,36.24232247801688,True,52.9,7.5,100.0,7.1,91.3,61.5,9.0,79.8,1,0,Middle Belt,Q4 (highest)
ATWIMA NWABIAGYA NORTH,ASHANTI,Atwima Nwabiagya North,Ashanti,6.87764335,-1.74489585317473,48562,50393,13.5,43.1,24396,33196,28123,27947,46519,47225,2235,2976,155025,21.41332043218836,15.73681664247702,59.81182795698925,31.325270117722948,True,52.9,7.5,100.0,7.1,91.3,61.5,9.0,79.8,0,0,Middle Belt,Q2
ADANSI AKROFUOM,ASHANTI,Akrofuom,Ashanti,6.03262245,-1.67136425707588,16119,15681,37.0,44.2,14804,21116,9048,8443,16194,13524,1073,1009,49291,42.83946359375951,30.033880424418253,58.856585234538,32.70171025136435,True,52.9,7.5,100.0,7.1,91.3,61.5,9.0,79.8,1,0,Middle Belt,Q4 (highest)
ADANSI NORTH,ASHANTI,Adansi North,Ashanti,6.3006124,-1.5897139446089,17411,18501,19.7,42.8,9833,14965,9247,8996,16537,16948,998,1429,54155,27.63364416951343,18.157141538177456,54.48111094519934,32.15030929738713,True,52.9,7.5,100.0,7.1,91.3,61.5,9.0,79.8,0,0,Middle Belt,Q2
OBUASI EAST,ASHANTI,Obuasi East,Ashanti,6.1796409,-1.60356394182495,29615,31180,13.1,42.7,14306,16076,15730,15876,27879,29934,1318,1664,92401,17.398080107358147,15.482516422982432,54.66936502170792,32.050518933777774,True,52.9,7.5,100.0,7.1,91.3,61.5,9.0,79.8,0,0,Middle Belt,Q1 (lowest)
AFIGYA KWABRE NORTH,ASHANTI,Afigya Kwabre North,Ashanti,7.03891495,-1.62667127242319,21350,22931,25.2,43.7,17584,22087,15067,13982,20273,21082,1268,1658,73330,30.1200054547934,23.979271785081146,70.24301777294161,29.11495977089868,True,52.9,7.5,100.0,7.1,91.3,61.5,9.0,79.8,0,0,Middle Belt,Q2
KUMASI METROPOLITAN,ASHANTI,"Kumasi Metropolitan Area (KMA)-Bantama, Manhyia North, Manhyia South, Nhyiaeso, & Subin",Ashanti,6.698152,-1.621229,164504,153397,8.9,42.3,48041,100117,62261,63783,144185,155625,7216,10875,443945,22.551667436281523,10.821385531991575,42.04129281878523,37.05504060187636,True,52.9,7.5,100.0,7.1,91.3,61.5,9.0,79.8,0,0,Middle Belt,Q2
OFORIKROM MUNICIPAL,ASHANTI,Oforikrom Municipal,Ashanti,6.672717,-1.5504236985326,64286,95659,10.0,42.8,21529,49047,26682,26499,77870,75115,2874,4086,213126,23.01314715238873,10.1015361804754,34.76223159133248,30.163377532539435,True,52.9,7.5,100.0,7.1,91.3,61.5,9.0,79.8,0,0,Middle Belt,Q2
ASOKWA  MUNICIPAL,ASHANTI,Asokwa Municipal,Ashanti,6.6739843,-1.6026178,48298,38057,6.3,41.4,13484,17901,19479,19808,39593,41790,1928,3044,125642,14.247624202098024,10.732080036930329,48.27420960151383,38.44096719249933,True,52.9,7.5,100.0,7.1,91.3,61.5,9.0,79.8,0,0,Middle Belt,Q1 (lowest)
OLD TAFO MUNICIPAL,ASHANTI,Old Tafo Municipal,Ashanti,6.74083555,-1.60465968075918,42408,35138,9.2,42.9,13412,28189,18483,18339,34972,38512,1631,2431,114368,24.64762870733072,11.7270565193061,50.10886723640521,37.08030218242865,True,52.9,7.5,100.0,7.1,91.3,61.5,9.0,79.8,0,0,Middle Belt,Q2
SUAME MUNICIPAL,ASHANTI,Suame Municipal,Ashanti,6.738487,-1.62476687694823,52028,40036,8.7,42.7,14098,32285,21799,22427,41237,46222,1842,2763,136290,23.688458434221147,10.34411915767848,50.567694576887455,38.17448088634529,True,52.9,7.5,100.0,7.1,91.3,61.5,9.0,79.8,0,0,Middle Belt,Q2
JUABEN MUNICIPAL,ASHANTI,Juaben Municipal,Ashanti,6.0721368,-0.260652306105858,21253,18934,20.9,43.1,14046,19449,12078,11664,17669,19128,1456,1934,63929,30.422812807958827,21.971249354752928,64.52156425795582,33.24469333166481,True,52.9,7.5,100.0,7.1,91.3,61.5,9.0,79.8,1,0,Middle Belt,Q3
ABLEKUMA CENTRAL MUNICIPAL,GREATER ACCRA,Ablekuma Central Municipal,Greater Accra,5.5541808,-0.24078224491606,71986,49569,9.4,45.2,20160,61784,23738,23852,55723,58491,3133,4208,169145,36.52723994206155,11.918767921014512,41.66739629117271,42.558751367170174,True,38.9,13.4,95.8,8.7,91.3,79.2,4.4,84.6,1,0,Southern Belt,Q3
KORLE KLOTTEY MUNICIPAL,GREATER ACCRA,Korle Klottey Municipal,Greater Accra,5.55901944999999,-0.19823054970895,29874,23696,10.6,43.4,6313,23554,7480,7583,24034,25651,1594,2291,68633,34.318767939620884,9.198199117042822,30.316997081614165,43.52716623198753,True,38.9,13.4,95.8,8.7,91.3,79.2,4.4,84.6,1,0,Southern Belt,Q3
ABLEKUMA NORTH MUNICIPAL,GREATER ACCRA,Ablekuma North Municipal,Greater Accra,5.58719365,-0.263259064824942,69225,45302,8.3,42.9,11382,58368,22388,22293,51922,56500,2472,3633,159208,36.66147429777399,7.149138234259585,41.21027097821475,43.48085523340536,True,38.9,13.4,95.8,8.7,91.3,79.2,4.4,84.6,1,0,Southern Belt,Q3
AYAWASO NORTH MUNICIPAL,GREATER ACCRA,Ayawaso North Municipal,Greater Accra,5.5908829,-0.199044848506062,22947,23128,13.9,43.8,9042,21546,8488,8823,20220,22837,1335,1683,63386,33.99173319029439,14.264979648502823,40.20484474069257,36.20200044173792,True,38.9,13.4,95.8,8.7,91.3,79.2,4.4,84.6,1,0,Southern Belt,Q3
AYAWASO EAST MUNICIPAL,GREATER ACCRA,Ayawaso East Municipal,Greater Accra,5.5828425,-0.194266228463183,18510,19828,15.4,44.0,10085,20605,7206,7460,16935,18521,1297,1585,53004,38.87442457173044,19.02686589691344,41.3639440433213,34.921892687344354,True,38.9,13.4,95.8,8.7,91.3,79.2,4.4,84.6,1,0,Southern Belt,Q3
OKAIKWEI NORTH MUNICIPAL,GREATER ACCRA,Okaikoi North Municipal,Greater Accra,5.6104365,-0.2395459,63259,54414,11.1,42.4,12770,54359,21231,21542,54554,56884,2636,3599,160446,33.87993468207372,7.959064108796729,38.382777867513774,39.426972314672845,True,38.9,13.4,95.8,8.7,91.3,79.2,4.4,84.6,1,0,Southern Belt,Q3
GA NORTH MUNICIPAL,GREATER ACCRA,Ga North Municipal,Greater Accra,5.669162,-0.333376,87022,76640,10.5,42.3,18918,86352,35527,36103,77522,79032,3432,3676,235292,36.699930299372696,8.040222362001257,45.75418066609605,36.98468286214576,True,38.9,13.4,95.8,8.7,91.3,79.2,4.4,84.6,1,0,Southern Belt,Q3
WEIJA GBAWE MUNICIPAL,GREATER ACCRA,Weija Gbawe Municipal,Greater Accra,5.55414475,-0.296466750643799,85093,61436,8.7,42.9,16714,84797,33744,33401,68119,71627,3047,3736,213674,39.68522141205762,7.822196430075722,48.04788688048316,39.82375019890113,True,38.9,13.4,95.8,8.7,91.3,79.2,4.4,84.6,1,0,Southern Belt,Q3
KROWOR MUNICIPAL,GREATER ACCRA,Krowor Municipal,Greater Accra,5.60941925,-0.0769277820845922,54725,50079,12.4,42.4,10206,61701,18895,19313,49619,50062,2221,2902,143012,43.14393197773613,7.136464072944928,38.3302735726969,38.26601963471597,True,38.9,13.4,95.8,8.7,91.3,79.2,4.4,84.6,1,0,Southern Belt,Q4 (highest)
TEMA METROPOLITAN,GREATER ACCRA,Tema Metropolitan Area (TMA)-Tema Central & Tema East,Greater Accra,5.6698,-0.01657,69392,55541,11.6,43.8,19800,78852,24565,24996,59728,60769,1794,2642,174494,45.188946324802,11.34709502905544,41.13048457637949,39.76755647758662,True,38.9,13.4,95.8,8.7,91.3,79.2,4.4,84.6,1,0,Southern Belt,Q4 (highest)
EAST GONJA MUNICIPAL,SAVANNAH,East Gonja Municipal,Savannah,8.347473,-0.7895018232454,31564,37727,38.8,43.1,60387,34704,24863,23601,33657,32157,1679,1798,117755,29.471360027175063,51.28189885779797,73.63782781778953,26.80480658995372,True,49.66898148148148,9.783796296296297,98.12086614173228,12.606692913385826,86.50314960629919,60.54606299212598,15.77047244094488,69.8547244094488,0,0,Northern Belt,Q2
ABLEKUMA WEST MUNICIPAL,GREATER ACCRA,Ablekuma West Municipal,Greater Accra,5.5431939,-0.26615017413473,61592,46044,8.9,43.0,12511,60497,22920,22934,48489,53014,2470,3663,153490,39.41429409082025,8.151019610398071,45.17501945755298,40.12769561534954,True,38.9,13.4,95.8,8.7,91.3,79.2,4.4,84.6,1,0,Southern Belt,Q3
AYAWASO CENTRAL MUNICIPAL,GREATER ACCRA,Ayawaso Central Municipal,Greater Accra,5.59137939999999,-0.212668442666915,39158,30825,12.2,42.8,8646,41548,12311,12537,32353,33339,1824,2467,94831,43.81267728907214,9.117271778215985,37.82500152225538,41.292404382533135,True,38.9,13.4,95.8,8.7,91.3,79.2,4.4,84.6,1,0,Southern Belt,Q4 (highest)
ACCRA METROPOLIS,GREATER ACCRA,"Accra Metropolitan Area (AMA)-Ablekuma South, Ashiedu Keteke & Okaikoi South",Greater Accra,5.55381875,-0.205849787615075,121103,84691,11.1,43.9,46139,105374,35341,35862,94041,106780,1895,3078,276997,38.04156723719029,16.656859099557035,35.455953311655655,43.71996808629696,True,38.9,13.4,95.8,8.7,91.3,79.2,4.4,84.6,1,0,Southern Belt,Q3
ANLOGA,VOLTA,Anloga,Volta,5.7936484,0.8984702,27359,36184,31.6,45.9,29252,41680,15986,15366,26025,29534,2698,5286,94895,43.92222983297329,30.8256494019706,56.43010133371731,28.830813003846355,True,52.3,10.1,98.3,19.0,79.1,72.0,6.7,76.4,1,0,Middle Belt,Q4 (highest)
SEKONDI TAKORADI METROPOLIS,WESTERN,"Sekondi Takoradi Metropolitan Area (STMA)- Takoradi, Sekondi & Essikado-Ketan",Western,4.95328,-1.73308,85174,86453,10.1,42.6,23679,49217,36872,36883,77931,82625,4541,6530,245382,20.05729841634676,9.649852067388808,45.93724308029597,34.71077748164087,True,48.8,10.8,95.2,13.7,85.3,65.4,9.7,76.9,0,0,Southern Belt,Q1 (lowest)
KWAHU SOUTH,EASTERN,Kwahu South Municipal,Eastern,8.25846,0.508747,25687,26212,28.8,43.4,18927,22821,14332,13620,21905,24447,2130,3417,79851,28.579479280159298,23.702896645001317,60.30376251294442,32.16866413695508,True,50.0,6.7,99.2,10.8,89.2,66.7,7.8,75.5,0,0,Middle Belt,Q2
ASENE AKROSO MANSO,EASTERN,Asene Manso Akroso,Eastern,5.85516295,-0.8089562448565,26201,23526,25.7,42.5,18687,23397,14244,13527,21551,23476,2013,2687,77498,30.1904565279104,24.11288033239568,61.67632753681125,33.80861441585589,True,50.0,6.7,99.2,10.8,89.2,66.7,7.8,75.5,0,0,Middle Belt,Q2
UPPER MANYA,EASTERN,Upper Manya Krobo,Eastern,6.40201115,-0.134429386146108,28918,16271,32.7,40.5,24935,26939,13252,12171,20360,20752,1981,2096,70612,38.15073925111879,35.31269472610888,61.838392683401445,40.953379029060216,True,50.0,6.7,99.2,10.8,89.2,66.7,7.8,75.5,1,0,Middle Belt,Q3
ACHIASE,EASTERN,Achiase,Eastern,5.8354534,-0.9966928,17382,18733,29.9,44.6,14484,17894,10513,9720,15422,17107,1477,2109,56348,31.7562291474409,25.70455029459785,62.19988318116143,30.847589976574145,True,50.0,6.7,99.2,10.8,89.2,66.7,7.8,75.5,1,0,Middle Belt,Q3
OKERE,EASTERN,Okere,Eastern,6.04034605,-0.127770489495342,18071,16536,24.0,42.4,11127,18125,8691,8377,14452,16239,1439,2477,51675,35.074987905176584,21.53265602322206,55.61239451304942,34.97048863086599,True,50.0,6.7,99.2,10.8,89.2,66.7,7.8,75.5,1,0,Middle Belt,Q3
YILO KROBO,EASTERN,Yilo Krobo Municipal,Eastern,6.1564095,-0.167401779755807,45081,36387,21.5,42.1,25873,36007,20749,20181,35736,38765,2993,3974,122398,29.417964345822647,21.138417294400234,54.938859881075416,36.831484174578016,True,50.0,6.7,99.2,10.8,89.2,66.7,7.8,75.5,0,0,Middle Belt,Q2
ATIWA WEST,EASTERN,Atiwa West,Eastern,6.20778059999999,-0.635808682575408,22581,16870,18.9,42.5,12526,18236,11218,10550,18405,17234,1665,2147,61219,29.78813766967772,20.46096800013068,61.0791548584416,36.885607409464384,True,50.0,6.7,99.2,10.8,89.2,66.7,7.8,75.5,0,0,Middle Belt,Q2
NEW JUABEN NORTH MUNICIPAL,EASTERN,New Juaben North Municipal,Eastern,6.1364245,-0.312846157003848,28972,34529,10.6,41.7,8759,9993,12629,12586,29655,29388,1878,2580,88716,11.264033545245503,9.87307813697642,42.70616330471013,32.65701789981514,True,50.0,6.7,99.2,10.8,89.2,66.7,7.8,75.5,0,0,Middle Belt,Q1 (lowest)
FANTEAKWA NORTH,EASTERN,Fanteakwa North,Eastern,6.49761694999999,-0.362546050326661,21329,15599,28.9,41.9,16278,17663,10479,9580,16908,16701,1470,1849,56987,30.994788285047463,28.56440942671136,59.68341813204796,37.42783441837612,True,50.0,6.7,99.2,10.8,89.2,66.7,7.8,75.5,1,0,Middle Belt,Q3
BIRIM NORTH,EASTERN,Birim North,Eastern,6.3681437,-1.02271793293055,28892,24334,18.3,42.6,17609,14185,15155,14288,24286,24728,1902,2310,82669,17.158789872866492,21.30060845056793,60.070592075733465,34.949013535908264,True,50.0,6.7,99.2,10.8,89.2,66.7,7.8,75.5,0,0,Middle Belt,Q1 (lowest)
ASUOGYAMAN,EASTERN,Asuogyaman,Eastern,6.36279085,0.0952598707485648,32892,35186,21.8,43.1,18900,21671,16728,16450,29528,32546,2467,3537,101256,21.40218851228569,18.66556055937426,53.449109127815184,32.48400094809196,True,50.0,6.7,99.2,10.8,89.2,66.7,7.8,75.5,0,0,Middle Belt,Q2
KWAHU EAST,EASTERN,Kwahu East,Eastern,6.73342465,-0.81009459846416,27342,25934,29.4,42.0,19159,25110,14034,12923,24195,23179,2341,3561,80233,31.29634938242369,23.8792018246856,56.90252036982311,34.0782471053058,True,50.0,6.7,99.2,10.8,89.2,66.7,7.8,75.5,1,0,Middle Belt,Q3
KWAHU WEST,EASTERN,Kwahu West Municipal,Eastern,6.49118254999999,-0.728456087972531,51012,42241,15.1,41.9,24009,24021,26637,25539,40551,44751,3344,4607,145429,16.517338357549043,16.509086908388284,61.166209467538856,35.076910382385904,True,50.0,6.7,99.2,10.8,89.2,66.7,7.8,75.5,0,0,Middle Belt,Q1 (lowest)
LOWER MANYA,EASTERN,Lower Manya Krobo Municipal,Eastern,6.2127831,-0.0404975690174626,36376,48533,19.8,43.4,24179,24965,18640,18300,35520,42445,2707,4237,121849,20.4884734384361,19.843412748565846,47.38023472070801,29.853343072163085,True,50.0,6.7,99.2,10.8,89.2,66.7,7.8,75.5,0,0,Middle Belt,Q2
NSAWAM ADOAGYIRI,EASTERN,Nsawam Adoagyiri Municipal,Eastern,5.81791215,-0.36426765,55497,48522,13.0,43.4,24185,45530,25823,25755,47801,49554,2793,3871,155597,29.26148961740908,15.543358805118352,52.979302552514,35.66714011195589,True,50.0,6.7,99.2,10.8,89.2,66.7,7.8,75.5,0,0,Middle Belt,Q2
AKWAPEM SOUTH,EASTERN,Akwapim South Municipal,Eastern,8.25846,0.508747,25689,27716,19.4,43.5,11667,23583,11963,11554,23466,26024,1672,2243,76922,30.658329216609037,15.167312342372794,47.51869064457466,33.39616754634565,True,50.0,6.7,99.2,10.8,89.2,66.7,7.8,75.5,1,0,Middle Belt,Q3
DENKYEMBOUR,EASTERN,Denkyembuor,Eastern,6.05,-0.8,24095,27629,18.1,42.3,15302,9980,12977,12328,23028,24760,1861,2075,77029,12.956159368549509,19.865245556868192,52.95262408972964,31.280426852224487,True,50.0,6.7,99.2,10.8,89.2,66.7,7.8,75.5,0,0,Middle Belt,Q1 (lowest)
KWAEBIBIREM,EASTERN,Kwaebibirem Municipal,Eastern,6.23359759999999,-0.87590978580917,42264,37174,19.6,42.9,24805,24359,21732,20528,35226,37175,3152,3885,121698,20.01594110010025,20.38242206116781,58.36935953923288,34.72859044520041,True,50.0,6.7,99.2,10.8,89.2,66.7,7.8,75.5,0,0,Middle Belt,Q1 (lowest)
KWAHU AFRAM PLAINS SOUTH,EASTERN,Kwahu Afram Plains South,Eastern,6.8854777,-0.460380290065423,28041,17113,39.1,41.6,30008,33075,15184,13664,22847,19800,1392,1115,74002,44.6947379800546,40.55025539850274,67.64367950852346,37.89221912921272,True,50.0,6.7,99.2,10.8,89.2,66.7,7.8,75.5,1,0,Middle Belt,Q4 (highest)
KWAHU AFRAM PLAINS NORTH,EASTERN,Kwahu Afram Plains North,Eastern,6.8753584,0.0047456123339843,25007,16163,48.5,41.9,28103,32016,13563,11822,20752,17918,1252,1248,66555,48.10457516339869,42.225227255653216,65.6452029997414,37.573435504469984,True,50.0,6.7,99.2,10.8,89.2,66.7,7.8,75.5,1,0,Middle Belt,Q4 (highest)
SUHUM MUNICIPAL,EASTERN,Suhum Municipal,Eastern,6.035885,-0.4552751,49088,34705,17.6,42.0,23909,36085,21768,20842,36414,40187,3044,4148,126403,28.54758194030205,18.914899171696877,55.62590566702784,38.83452133256331,True,50.0,6.7,99.2,10.8,89.2,66.7,7.8,75.5,0,0,Middle Belt,Q2
AYENSUANO,EASTERN,Ayensuano,Eastern,5.94469995,-0.449937193103216,34538,25736,29.1,42.9,25899,43995,17710,16610,26702,27364,2749,3459,94594,46.5092923441233,27.379114954436854,63.4779713683276,36.51182950292831,True,50.0,6.7,99.2,10.8,89.2,66.7,7.8,75.5,1,0,Middle Belt,Q4 (highest)
ABUAKWA SOUTH,EASTERN,Abuakwa South Municipal,Eastern,6.1727705,-0.470361048613095,29553,31123,21.1,43.4,17315,19569,14490,13885,27170,27633,2484,3389,89051,21.97504800619869,19.44391416154788,51.776362607886426,33.186600936541986,True,50.0,6.7,99.2,10.8,89.2,66.7,7.8,75.5,0,0,Middle Belt,Q2
UPPER WEST AKIM,EASTERN,Upper West Akim,Eastern,5.80678025,-0.540057196199224,33617,27069,29.7,43.7,27158,47183,17860,17309,26665,28405,2263,3353,95855,49.22330603515727,28.33237702780241,63.86235700018159,35.07067967242189,True,50.0,6.7,99.2,10.8,89.2,66.7,7.8,75.5,1,0,Middle Belt,Q4 (highest)
WEST AKIM,EASTERN,West Akim Municipal,Eastern,5.9070609,-0.68318054757923,40323,36708,23.7,43.0,27295,33081,20654,19996,33607,36756,2767,3901,117681,28.110740051495146,23.19405851411868,57.77184031380129,34.26466464425013,True,50.0,6.7,99.2,10.8,89.2,66.7,7.8,75.5,0,0,Middle Belt,Q2
AKYEM MANSA,EASTERN,Akyemansa,Eastern,6.0815994,-1.11546439579942,32660,25244,23.6,42.4,25196,24107,17060,16074,25881,26687,2325,3011,91038,26.480151145675435,27.67635492871109,63.03074113529144,35.87512906698302,True,50.0,6.7,99.2,10.8,89.2,66.7,7.8,75.5,0,0,Middle Belt,Q2
ATIWA EAST,EASTERN,Atiwa East,Eastern,6.3954833,-0.597296233359515,22465,19027,18.4,42.4,12972,11549,12055,11100,18975,18809,1641,2067,64647,17.864711432858446,20.065896329296024,61.28255346178276,34.75025909941683,True,50.0,6.7,99.2,10.8,89.2,66.7,7.8,75.5,0,0,Middle Belt,Q1 (lowest)
NEW JUABEN SOUTH MUNICIPAL,EASTERN,New Juaben South Municipal,Eastern,6.0721368,-0.260652306105858,48553,45659,8.5,41.1,11820,16248,17745,17784,42075,44834,2987,4316,129741,12.523412028580015,9.1104585289153,40.88069129779425,37.42301970849616,True,50.0,6.7,99.2,10.8,89.2,66.7,7.8,75.5,0,0,Middle Belt,Q1 (lowest)
BIRIM SOUTH,EASTERN,Birim South,Eastern,5.9375343,-1.0087951,11610,11912,24.9,43.6,7286,10484,6342,5790,10135,11093,943,1351,35654,29.40483536209121,20.435294777584563,57.15093273035613,32.562966287092614,True,50.0,6.7,99.2,10.8,89.2,66.7,7.8,75.5,0,0,Middle Belt,Q2
ABUAKWA NORTH,EASTERN,Abuakwa North Municipal,Eastern,6.2336986,-0.382588987736012,25086,26833,15.7,42.9,11029,15507,12352,11924,22357,24610,2063,2889,76195,20.35172911608373,14.474703064505546,51.687354951348816,32.92342017192729,True,50.0,6.7,99.2,10.8,89.2,66.7,7.8,75.5,0,0,Middle Belt,Q2
AKWAPEM NORTH,EASTERN,Akwapim North Municipal,Eastern,5.9014961,-0.14597334325382,30652,42982,20.1,43.2,15299,22608,16126,15555,30768,35625,2652,4589,105315,21.467027488961687,14.5268955039643,47.71737984426069,29.105065755115607,True,50.0,6.7,99.2,10.8,89.2,66.7,7.8,75.5,0,0,Middle Belt,Q2
FANTEAKWA SOUTH,EASTERN,Fanteakwa South,Eastern,6.37117379999999,-0.311872167608319,20099,16378,21.7,41.7,9765,13448,9261,8896,16955,16368,1366,1788,54634,24.61470878939854,17.873485375407256,54.487891246286345,36.788446754768096,True,50.0,6.7,99.2,10.8,89.2,66.7,7.8,75.5,0,0,Middle Belt,Q2
BIRIM CENTRAL MUNICIPAL,EASTERN,Birim Central Municipal,Eastern,5.97391735,-1.00480959493596,25276,26732,11.9,41.9,9947,9297,12418,11876,22690,26007,1366,1945,76302,12.184477471101674,13.03635553458625,49.88808345483295,33.12626143482478,True,50.0,6.7,99.2,10.8,89.2,66.7,7.8,75.5,0,0,Middle Belt,Q1 (lowest)
GUAN,Oti,Guan,Oti,7.19092,0.60951,10218,9102,28.1,42.9,4992,7735,4642,4276,8596,7785,1215,1724,28238,27.3921665840357,17.67830582902472,54.44112081069533,36.185282243784975,False,49.66898148148148,9.783796296296297,97.1,30.9,66.8,40.8,28.2,48.9,0,0,Northern Belt,Q2
